<rdf:RDF xmlns:align="http://knowledgeweb.semanticweb.org/heterogeneity/alignment#" xmlns:xsd="http://www.w3.org/2001/XMLSchema#" xmlns:rdf="http://www.w3.org/1999/02/22-rdf-syntax-ns#" xmlns="http://knowledgeweb.semanticweb.org/heterogeneity/alignment#">
  <Alignment>
    <map>
      <Cell>
        <entity1 rdf:resource="https://w3id.org/scholarlydata/organisation/ef-stefan-institute"/>
        <entity2 rdf:resource="https://w3id.org/scholarlydata/organisation/jozef-stefan-institute"/>
        <relation>=</relation>
        <measure rdf:datatype="http://www.w3.org/2001/XMLSchema#float">1.0</measure>
      </Cell>
    </map>
    <map>
      <Cell>
        <entity1 rdf:resource="https://w3id.org/scholarlydata/organisation/fzi-research-center-for-information-technology"/>
        <entity2 rdf:resource="https://w3id.org/scholarlydata/organisation/fzi-forschungszentrum-informatik"/>
        <relation>=</relation>
        <measure rdf:datatype="http://www.w3.org/2001/XMLSchema#float">1.0</measure>
      </Cell>
    </map>
    <map>
      <Cell>
        <entity1 rdf:resource="https://w3id.org/scholarlydata/organisation/siemens-ag"/>
        <entity2 rdf:resource="https://w3id.org/scholarlydata/organisation/siemens"/>
        <relation>=</relation>
        <measure rdf:datatype="http://www.w3.org/2001/XMLSchema#float">1.0</measure>
      </Cell>
    </map>
    <map>
      <Cell>
        <entity1 rdf:resource="https://w3id.org/scholarlydata/organisation/fondazione-bruno-kessler---fbk-irst"/>
        <entity2 rdf:resource="https://w3id.org/scholarlydata/organisation/fbk-irst"/>
        <relation>=</relation>
        <measure rdf:datatype="http://www.w3.org/2001/XMLSchema#float">1.0</measure>
      </Cell>
    </map>
    <map>
      <Cell>
        <entity1 rdf:resource="https://w3id.org/scholarlydata/organisation/eurecom"/>
        <entity2 rdf:resource="https://w3id.org/scholarlydata/organisation/institute-eurecom"/>
        <relation>=</relation>
        <measure rdf:datatype="http://www.w3.org/2001/XMLSchema#float">1.0</measure>
      </Cell>
    </map>
    <map>
      <Cell>
        <entity1 rdf:resource="https://w3id.org/scholarlydata/organisation/irit-univ-toulouse-le-mirail"/>
        <entity2 rdf:resource="https://w3id.org/scholarlydata/organisation/irit-universite-toulouse-le-mirail"/>
        <relation>=</relation>
        <measure rdf:datatype="http://www.w3.org/2001/XMLSchema#float">1.0</measure>
      </Cell>
    </map>
    <map>
      <Cell>
        <entity1 rdf:resource="https://w3id.org/scholarlydata/organisation/deri-national-university-of-ireland-galway"/>
        <entity2 rdf:resource="https://w3id.org/scholarlydata/organisation/deri-nui-galway"/>
        <relation>=</relation>
        <measure rdf:datatype="http://www.w3.org/2001/XMLSchema#float">1.0</measure>
      </Cell>
    </map>
    <map>
      <Cell>
        <entity1 rdf:resource="https://w3id.org/scholarlydata/organisation/dfki"/>
        <entity2 rdf:resource="https://w3id.org/scholarlydata/organisation/german-research-center-for-artificial-intelligence-dfki"/>
        <relation>=</relation>
        <measure rdf:datatype="http://www.w3.org/2001/XMLSchema#float">1.0</measure>
      </Cell>
    </map>
    <map>
      <Cell>
        <entity1 rdf:resource="https://w3id.org/scholarlydata/organisation/universitaet-hannover"/>
        <entity2 rdf:resource="https://w3id.org/scholarlydata/organisation/university-of-hanover"/>
        <relation>=</relation>
        <measure rdf:datatype="http://www.w3.org/2001/XMLSchema#float">1.0</measure>
      </Cell>
    </map>
    <map>
      <Cell>
        <entity1 rdf:resource="https://w3id.org/scholarlydata/organisation/epimorphics"/>
        <entity2 rdf:resource="https://w3id.org/scholarlydata/organisation/epimorphics-ltd"/>
        <relation>=</relation>
        <measure rdf:datatype="http://www.w3.org/2001/XMLSchema#float">1.0</measure>
      </Cell>
    </map>
    <map>
      <Cell>
        <entity1 rdf:resource="https://w3id.org/scholarlydata/organisation/aist"/>
        <entity2 rdf:resource="https://w3id.org/scholarlydata/organisation/national-institute-of-advanced-industrial-science-and-technology-japan"/>
        <relation>=</relation>
        <measure rdf:datatype="http://www.w3.org/2001/XMLSchema#float">1.0</measure>
      </Cell>
    </map>
    <map>
      <Cell>
        <entity1 rdf:resource="https://w3id.org/scholarlydata/organisation/iisas"/>
        <entity2 rdf:resource="https://w3id.org/scholarlydata/organisation/institute-of-informatics-slovak-academy-of-sciences"/>
        <relation>=</relation>
        <measure rdf:datatype="http://www.w3.org/2001/XMLSchema#float">1.0</measure>
      </Cell>
    </map>
    <map>
      <Cell>
        <entity1 rdf:resource="https://w3id.org/scholarlydata/organisation/tu-wien"/>
        <entity2 rdf:resource="https://w3id.org/scholarlydata/organisation/vienna-university-of-technology"/>
        <relation>=</relation>
        <measure rdf:datatype="http://www.w3.org/2001/XMLSchema#float">1.0</measure>
      </Cell>
    </map>
    <map>
      <Cell>
        <entity1 rdf:resource="https://w3id.org/scholarlydata/organisation/centria-universidade-nova-de-lisboa"/>
        <entity2 rdf:resource="https://w3id.org/scholarlydata/organisation/universidade-nova-de-lisboa"/>
        <relation>=</relation>
        <measure rdf:datatype="http://www.w3.org/2001/XMLSchema#float">1.0</measure>
      </Cell>
    </map>
    <map>
      <Cell>
        <entity1 rdf:resource="https://w3id.org/scholarlydata/organisation/mit-csail"/>
        <entity2 rdf:resource="https://w3id.org/scholarlydata/organisation/massachusetts-institute-of-technology"/>
        <relation>=</relation>
        <measure rdf:datatype="http://www.w3.org/2001/XMLSchema#float">1.0</measure>
      </Cell>
    </map>
    <map>
      <Cell>
        <entity1 rdf:resource="https://w3id.org/scholarlydata/organisation/university-of-maryland-college-park"/>
        <entity2 rdf:resource="https://w3id.org/scholarlydata/organisation/university-of-maryland"/>
        <relation>=</relation>
        <measure rdf:datatype="http://www.w3.org/2001/XMLSchema#float">1.0</measure>
      </Cell>
    </map>
    <map>
      <Cell>
        <entity1 rdf:resource="https://w3id.org/scholarlydata/organisation/fu-berlin"/>
        <entity2 rdf:resource="https://w3id.org/scholarlydata/organisation/freie-universitaet-berlin"/>
        <relation>=</relation>
        <measure rdf:datatype="http://www.w3.org/2001/XMLSchema#float">1.0</measure>
      </Cell>
    </map>
    <map>
      <Cell>
        <entity1 rdf:resource="https://w3id.org/scholarlydata/organisation/university-of-freiburg"/>
        <entity2 rdf:resource="https://w3id.org/scholarlydata/organisation/freiburg-university"/>
        <relation>=</relation>
        <measure rdf:datatype="http://www.w3.org/2001/XMLSchema#float">1.0</measure>
      </Cell>
    </map>
    <map>
      <Cell>
        <entity1 rdf:resource="https://w3id.org/scholarlydata/organisation/microsoft-corporation"/>
        <entity2 rdf:resource="https://w3id.org/scholarlydata/organisation/microsoft"/>
        <relation>=</relation>
        <measure rdf:datatype="http://www.w3.org/2001/XMLSchema#float">1.0</measure>
      </Cell>
    </map>
    <map>
      <Cell>
        <entity1 rdf:resource="https://w3id.org/scholarlydata/organisation/knowledge-management-institute-graz-university-of-technology"/>
        <entity2 rdf:resource="https://w3id.org/scholarlydata/organisation/university-of-graz"/>
        <relation>=</relation>
        <measure rdf:datatype="http://www.w3.org/2001/XMLSchema#float">1.0</measure>
      </Cell>
    </map>
    <map>
      <Cell>
        <entity1 rdf:resource="https://w3id.org/scholarlydata/organisation/nokia"/>
        <entity2 rdf:resource="https://w3id.org/scholarlydata/organisation/nokia-services"/>
        <relation>=</relation>
        <measure rdf:datatype="http://www.w3.org/2001/XMLSchema#float">1.0</measure>
      </Cell>
    </map>
    <map>
      <Cell>
        <entity1 rdf:resource="https://w3id.org/scholarlydata/organisation/europeana-vu-university-amsterdam"/>
        <entity2 rdf:resource="https://w3id.org/scholarlydata/organisation/europeana--vu-university-amsterdam"/>
        <relation>=</relation>
        <measure rdf:datatype="http://www.w3.org/2001/XMLSchema#float">1.0</measure>
      </Cell>
    </map>
    <map>
      <Cell>
        <entity1 rdf:resource="https://w3id.org/scholarlydata/organisation/univ-tuebingen"/>
        <entity2 rdf:resource="https://w3id.org/scholarlydata/organisation/university-of-tuebingen"/>
        <relation>=</relation>
        <measure rdf:datatype="http://www.w3.org/2001/XMLSchema#float">1.0</measure>
      </Cell>
    </map>
    <map>
      <Cell>
        <entity1 rdf:resource="https://w3id.org/scholarlydata/organisation/at-t"/>
        <entity2 rdf:resource="https://w3id.org/scholarlydata/organisation/att"/>
        <relation>=</relation>
        <measure rdf:datatype="http://www.w3.org/2001/XMLSchema#float">1.0</measure>
      </Cell>
    </map>
    <map>
      <Cell>
        <entity1 rdf:resource="https://w3id.org/scholarlydata/organisation/ibm-t-j-watson-research-center"/>
        <entity2 rdf:resource="https://w3id.org/scholarlydata/organisation/ibm-watson-research-center"/>
        <relation>=</relation>
        <measure rdf:datatype="http://www.w3.org/2001/XMLSchema#float">1.0</measure>
      </Cell>
    </map>
    <map>
      <Cell>
        <entity1 rdf:resource="https://w3id.org/scholarlydata/organisation/universitat-koblenz-landau"/>
        <entity2 rdf:resource="https://w3id.org/scholarlydata/organisation/university-of-koblenz-landau"/>
        <relation>=</relation>
        <measure rdf:datatype="http://www.w3.org/2001/XMLSchema#float">1.0</measure>
      </Cell>
    </map>
    <map>
      <Cell>
        <entity1 rdf:resource="https://w3id.org/scholarlydata/organisation/aifb-karlsruhe-institute-of-technology"/>
        <entity2 rdf:resource="https://w3id.org/scholarlydata/organisation/institut-aifb-universitaet-karlsruhe"/>
        <relation>=</relation>
        <measure rdf:datatype="http://www.w3.org/2001/XMLSchema#float">1.0</measure>
      </Cell>
    </map>
    <map>
      <Cell>
        <entity1 rdf:resource="https://w3id.org/scholarlydata/organisation/dtic-university-pompeu-fabra"/>
        <entity2 rdf:resource="https://w3id.org/scholarlydata/organisation/university-pompeu-fabra"/>
        <relation>=</relation>
        <measure rdf:datatype="http://www.w3.org/2001/XMLSchema#float">1.0</measure>
      </Cell>
    </map>
    <map>
      <Cell>
        <entity1 rdf:resource="https://w3id.org/scholarlydata/organisation/deri-digital-enterprise-research-institute-nuig-national-university-of-ireland-galway"/>
        <entity2 rdf:resource="https://w3id.org/scholarlydata/organisation/deri-nui-galway"/>
        <relation>=</relation>
        <measure rdf:datatype="http://www.w3.org/2001/XMLSchema#float">1.0</measure>
      </Cell>
    </map>
    <map>
      <Cell>
        <entity1 rdf:resource="https://w3id.org/scholarlydata/organisation/university-of-sheffield"/>
        <entity2 rdf:resource="https://w3id.org/scholarlydata/organisation/university-of-sheffield-uk"/>
        <relation>=</relation>
        <measure rdf:datatype="http://www.w3.org/2001/XMLSchema#float">1.0</measure>
      </Cell>
    </map>
    <map>
      <Cell>
        <entity1 rdf:resource="https://w3id.org/scholarlydata/organisation/technische-universitaet-dresden"/>
        <entity2 rdf:resource="https://w3id.org/scholarlydata/organisation/technische-universitat-dresden"/>
        <relation>=</relation>
        <measure rdf:datatype="http://www.w3.org/2001/XMLSchema#float">1.0</measure>
      </Cell>
    </map>
    <map>
      <Cell>
        <entity1 rdf:resource="https://w3id.org/scholarlydata/organisation/ibm-t-j-watson-research"/>
        <entity2 rdf:resource="https://w3id.org/scholarlydata/organisation/ibm-tj-watson-research"/>
        <relation>=</relation>
        <measure rdf:datatype="http://www.w3.org/2001/XMLSchema#float">1.0</measure>
      </Cell>
    </map>
    <map>
      <Cell>
        <entity1 rdf:resource="https://w3id.org/scholarlydata/organisation/puc-rio"/>
        <entity2 rdf:resource="https://w3id.org/scholarlydata/organisation/puc---rio"/>
        <relation>=</relation>
        <measure rdf:datatype="http://www.w3.org/2001/XMLSchema#float">1.0</measure>
      </Cell>
    </map>
    <map>
      <Cell>
        <entity1 rdf:resource="https://w3id.org/scholarlydata/organisation/knoesis-wright-state-university"/>
        <entity2 rdf:resource="https://w3id.org/scholarlydata/organisation/kno-e-sis-wright-state-university"/>
        <relation>=</relation>
        <measure rdf:datatype="http://www.w3.org/2001/XMLSchema#float">1.0</measure>
      </Cell>
    </map>
    <map>
      <Cell>
        <entity1 rdf:resource="https://w3id.org/scholarlydata/organisation/data-mining-information-retrieval-group-university-of-wuerzburg"/>
        <entity2 rdf:resource="https://w3id.org/scholarlydata/organisation/universitaet-wuerzburg"/>
        <relation>=</relation>
        <measure rdf:datatype="http://www.w3.org/2001/XMLSchema#float">1.0</measure>
      </Cell>
    </map>
    <map>
      <Cell>
        <entity1 rdf:resource="https://w3id.org/scholarlydata/organisation/ontology-engineering-group-laboratorio-de-inteligencia-artificial-facultad-de-informática-universidad-politecnica-de-madrid-"/>
        <entity2 rdf:resource="https://w3id.org/scholarlydata/organisation/universidad-politecnica-de-madrid"/>
        <relation>=</relation>
        <measure rdf:datatype="http://www.w3.org/2001/XMLSchema#float">1.0</measure>
      </Cell>
    </map>
    <map>
      <Cell>
        <entity1 rdf:resource="https://w3id.org/scholarlydata/organisation/liasensma"/>
        <entity2 rdf:resource="https://w3id.org/scholarlydata/organisation/lias-ensma"/>
        <relation>=</relation>
        <measure rdf:datatype="http://www.w3.org/2001/XMLSchema#float">1.0</measure>
      </Cell>
    </map>
    <map>
      <Cell>
        <entity1 rdf:resource="https://w3id.org/scholarlydata/organisation/oracle"/>
        <entity2 rdf:resource="https://w3id.org/scholarlydata/organisation/oracle-corporation"/>
        <relation>=</relation>
        <measure rdf:datatype="http://www.w3.org/2001/XMLSchema#float">1.0</measure>
      </Cell>
    </map>
    <map>
      <Cell>
        <entity1 rdf:resource="https://w3id.org/scholarlydata/organisation/the-university-of-manchester"/>
        <entity2 rdf:resource="https://w3id.org/scholarlydata/organisation/university-of-manchester-uk"/>
        <relation>=</relation>
        <measure rdf:datatype="http://www.w3.org/2001/XMLSchema#float">1.0</measure>
      </Cell>
    </map>
    <map>
      <Cell>
        <entity1 rdf:resource="https://w3id.org/scholarlydata/organisation/talis-information-limited"/>
        <entity2 rdf:resource="https://w3id.org/scholarlydata/organisation/talis"/>
        <relation>=</relation>
        <measure rdf:datatype="http://www.w3.org/2001/XMLSchema#float">1.0</measure>
      </Cell>
    </map>
    <map>
      <Cell>
        <entity1 rdf:resource="https://w3id.org/scholarlydata/organisation/ntt"/>
        <entity2 rdf:resource="https://w3id.org/scholarlydata/organisation/ntt-corporation"/>
        <relation>=</relation>
        <measure rdf:datatype="http://www.w3.org/2001/XMLSchema#float">1.0</measure>
      </Cell>
    </map>
    <map>
      <Cell>
        <entity1 rdf:resource="https://w3id.org/scholarlydata/organisation/university-of-chile"/>
        <entity2 rdf:resource="https://w3id.org/scholarlydata/organisation/universidad-de-chile"/>
        <relation>=</relation>
        <measure rdf:datatype="http://www.w3.org/2001/XMLSchema#float">1.0</measure>
      </Cell>
    </map>
    <map>
      <Cell>
        <entity1 rdf:resource="https://w3id.org/scholarlydata/organisation/university-of-innsbruck"/>
        <entity2 rdf:resource="https://w3id.org/scholarlydata/organisation/deri-universitaet-innsbruck"/>
        <relation>=</relation>
        <measure rdf:datatype="http://www.w3.org/2001/XMLSchema#float">1.0</measure>
      </Cell>
    </map>
    <map>
      <Cell>
        <entity1 rdf:resource="https://w3id.org/scholarlydata/organisation/insight"/>
        <entity2 rdf:resource="https://w3id.org/scholarlydata/organisation/nui-galway"/>
        <relation>=</relation>
        <measure rdf:datatype="http://www.w3.org/2001/XMLSchema#float">1.0</measure>
      </Cell>
    </map>
    <map>
      <Cell>
        <entity1 rdf:resource="https://w3id.org/scholarlydata/organisation/inria-sophia-antipolis-mediterranee"/>
        <entity2 rdf:resource="https://w3id.org/scholarlydata/organisation/inria-sophia-antipolis---mediterranee"/>
        <relation>=</relation>
        <measure rdf:datatype="http://www.w3.org/2001/XMLSchema#float">1.0</measure>
      </Cell>
    </map>
    <map>
      <Cell>
        <entity1 rdf:resource="https://w3id.org/scholarlydata/organisation/jonkoping-university"/>
        <entity2 rdf:resource="https://w3id.org/scholarlydata/organisation/joenkoeping-university"/>
        <relation>=</relation>
        <measure rdf:datatype="http://www.w3.org/2001/XMLSchema#float">1.0</measure>
      </Cell>
    </map>
    <map>
      <Cell>
        <entity1 rdf:resource="https://w3id.org/scholarlydata/organisation/criteo-r-d"/>
        <entity2 rdf:resource="https://w3id.org/scholarlydata/organisation/university-of-reading"/>
        <relation>!=</relation>
        <measure rdf:datatype="http://www.w3.org/2001/XMLSchema#float">1.0</measure>
      </Cell>
    </map>
    <map>
      <Cell>
        <entity1 rdf:resource="https://w3id.org/scholarlydata/organisation/nanjing-university"/>
        <entity2 rdf:resource="https://w3id.org/scholarlydata/organisation/state-key-laboratory-for-novel-software-technology-nanjing-university"/>
        <relation>!=</relation>
        <measure rdf:datatype="http://www.w3.org/2001/XMLSchema#float">1.0</measure>
      </Cell>
    </map>
    <map>
      <Cell>
        <entity1 rdf:resource="https://w3id.org/scholarlydata/organisation/nxp"/>
        <entity2 rdf:resource="https://w3id.org/scholarlydata/organisation/university-of-castilla-la-mancha"/>
        <relation>!=</relation>
        <measure rdf:datatype="http://www.w3.org/2001/XMLSchema#float">1.0</measure>
      </Cell>
    </map>
    <map>
      <Cell>
        <entity1 rdf:resource="https://w3id.org/scholarlydata/organisation/hewlett-packard-laboratories"/>
        <entity2 rdf:resource="https://w3id.org/scholarlydata/organisation/university-of-zurich"/>
        <relation>!=</relation>
        <measure rdf:datatype="http://www.w3.org/2001/XMLSchema#float">1.0</measure>
      </Cell>
    </map>
    <map>
      <Cell>
        <entity1 rdf:resource="https://w3id.org/scholarlydata/organisation/universite-paris-sorbonne"/>
        <entity2 rdf:resource="https://w3id.org/scholarlydata/organisation/universite-paris-sud-xi-orsay"/>
        <relation>!=</relation>
        <measure rdf:datatype="http://www.w3.org/2001/XMLSchema#float">1.0</measure>
      </Cell>
    </map>
    <map>
      <Cell>
        <entity1 rdf:resource="https://w3id.org/scholarlydata/organisation/upm"/>
        <entity2 rdf:resource="https://w3id.org/scholarlydata/organisation/university-of-oslo"/>
        <relation>!=</relation>
        <measure rdf:datatype="http://www.w3.org/2001/XMLSchema#float">1.0</measure>
      </Cell>
    </map>
    <map>
      <Cell>
        <entity1 rdf:resource="https://w3id.org/scholarlydata/organisation/nuance-communications"/>
        <entity2 rdf:resource="https://w3id.org/scholarlydata/organisation/chalmers-university-gothenburg"/>
        <relation>!=</relation>
        <measure rdf:datatype="http://www.w3.org/2001/XMLSchema#float">1.0</measure>
      </Cell>
    </map>
    <map>
      <Cell>
        <entity1 rdf:resource="https://w3id.org/scholarlydata/organisation/kaiserslautern-university-of-technology"/>
        <entity2 rdf:resource="https://w3id.org/scholarlydata/organisation/university-of-new-brunswick"/>
        <relation>!=</relation>
        <measure rdf:datatype="http://www.w3.org/2001/XMLSchema#float">1.0</measure>
      </Cell>
    </map>
    <map>
      <Cell>
        <entity1 rdf:resource="https://w3id.org/scholarlydata/organisation/ibm-thomas-j-watson-research-center"/>
        <entity2 rdf:resource="https://w3id.org/scholarlydata/organisation/wright-state-university"/>
        <relation>!=</relation>
        <measure rdf:datatype="http://www.w3.org/2001/XMLSchema#float">1.0</measure>
      </Cell>
    </map>
    <map>
      <Cell>
        <entity1 rdf:resource="https://w3id.org/scholarlydata/organisation/aristotle-university-of-thessaloniki"/>
        <entity2 rdf:resource="https://w3id.org/scholarlydata/organisation/ghent-university"/>
        <relation>!=</relation>
        <measure rdf:datatype="http://www.w3.org/2001/XMLSchema#float">1.0</measure>
      </Cell>
    </map>
    <map>
      <Cell>
        <entity1 rdf:resource="https://w3id.org/scholarlydata/organisation/university-of-milano"/>
        <entity2 rdf:resource="https://w3id.org/scholarlydata/organisation/jsi"/>
        <relation>!=</relation>
        <measure rdf:datatype="http://www.w3.org/2001/XMLSchema#float">1.0</measure>
      </Cell>
    </map>
    <map>
      <Cell>
        <entity1 rdf:resource="https://w3id.org/scholarlydata/organisation/delft-university-of-technology"/>
        <entity2 rdf:resource="https://w3id.org/scholarlydata/organisation/hltri-at-utd"/>
        <relation>!=</relation>
        <measure rdf:datatype="http://www.w3.org/2001/XMLSchema#float">1.0</measure>
      </Cell>
    </map>
    <map>
      <Cell>
        <entity1 rdf:resource="https://w3id.org/scholarlydata/organisation/university-of-fribourg"/>
        <entity2 rdf:resource="https://w3id.org/scholarlydata/organisation/university-of-sheffield"/>
        <relation>!=</relation>
        <measure rdf:datatype="http://www.w3.org/2001/XMLSchema#float">1.0</measure>
      </Cell>
    </map>
    <map>
      <Cell>
        <entity1 rdf:resource="https://w3id.org/scholarlydata/organisation/university-of-montpellier"/>
        <entity2 rdf:resource="https://w3id.org/scholarlydata/organisation/digital-curation-unit-athena-research-centre"/>
        <relation>!=</relation>
        <measure rdf:datatype="http://www.w3.org/2001/XMLSchema#float">1.0</measure>
      </Cell>
    </map>
    <map>
      <Cell>
        <entity1 rdf:resource="https://w3id.org/scholarlydata/organisation/north-carolina-state-university"/>
        <entity2 rdf:resource="https://w3id.org/scholarlydata/organisation/la-plata-university"/>
        <relation>!=</relation>
        <measure rdf:datatype="http://www.w3.org/2001/XMLSchema#float">1.0</measure>
      </Cell>
    </map>
    <map>
      <Cell>
        <entity1 rdf:resource="https://w3id.org/scholarlydata/organisation/university-of-rio-de-janeiro"/>
        <entity2 rdf:resource="https://w3id.org/scholarlydata/organisation/ibm-china-research-lab"/>
        <relation>!=</relation>
        <measure rdf:datatype="http://www.w3.org/2001/XMLSchema#float">1.0</measure>
      </Cell>
    </map>
    <map>
      <Cell>
        <entity1 rdf:resource="https://w3id.org/scholarlydata/organisation/fondazione-bruno-kessler-fbk-trento"/>
        <entity2 rdf:resource="https://w3id.org/scholarlydata/organisation/inria"/>
        <relation>!=</relation>
        <measure rdf:datatype="http://www.w3.org/2001/XMLSchema#float">1.0</measure>
      </Cell>
    </map>
    <map>
      <Cell>
        <entity1 rdf:resource="https://w3id.org/scholarlydata/organisation/university-of-karlsruhe-southeast-university"/>
        <entity2 rdf:resource="https://w3id.org/scholarlydata/organisation/alcatel-lucent-bell-labs-france"/>
        <relation>!=</relation>
        <measure rdf:datatype="http://www.w3.org/2001/XMLSchema#float">1.0</measure>
      </Cell>
    </map>
    <map>
      <Cell>
        <entity1 rdf:resource="https://w3id.org/scholarlydata/organisation/yahoo-laboratories"/>
        <entity2 rdf:resource="https://w3id.org/scholarlydata/organisation/yale-university"/>
        <relation>!=</relation>
        <measure rdf:datatype="http://www.w3.org/2001/XMLSchema#float">1.0</measure>
      </Cell>
    </map>
    <map>
      <Cell>
        <entity1 rdf:resource="https://w3id.org/scholarlydata/organisation/universidad-de-chile-computer-science-department"/>
        <entity2 rdf:resource="https://w3id.org/scholarlydata/organisation/institute-of-historical-research"/>
        <relation>!=</relation>
        <measure rdf:datatype="http://www.w3.org/2001/XMLSchema#float">1.0</measure>
      </Cell>
    </map>
    <map>
      <Cell>
        <entity1 rdf:resource="https://w3id.org/scholarlydata/organisation/digital-pebble-ltd"/>
        <entity2 rdf:resource="https://w3id.org/scholarlydata/organisation/sandia-national-laboratories"/>
        <relation>!=</relation>
        <measure rdf:datatype="http://www.w3.org/2001/XMLSchema#float">1.0</measure>
      </Cell>
    </map>
    <map>
      <Cell>
        <entity1 rdf:resource="https://w3id.org/scholarlydata/organisation/univ-rennes-1-and-inria"/>
        <entity2 rdf:resource="https://w3id.org/scholarlydata/organisation/university-of-orsay"/>
        <relation>!=</relation>
        <measure rdf:datatype="http://www.w3.org/2001/XMLSchema#float">1.0</measure>
      </Cell>
    </map>
    <map>
      <Cell>
        <entity1 rdf:resource="https://w3id.org/scholarlydata/organisation/vietnam-national-university-of-hanoi"/>
        <entity2 rdf:resource="https://w3id.org/scholarlydata/organisation/jobe-microsystems-university-of-guelph"/>
        <relation>!=</relation>
        <measure rdf:datatype="http://www.w3.org/2001/XMLSchema#float">1.0</measure>
      </Cell>
    </map>
    <map>
      <Cell>
        <entity1 rdf:resource="https://w3id.org/scholarlydata/organisation/deri-nui-galway"/>
        <entity2 rdf:resource="https://w3id.org/scholarlydata/organisation/siren-solutions"/>
        <relation>!=</relation>
        <measure rdf:datatype="http://www.w3.org/2001/XMLSchema#float">1.0</measure>
      </Cell>
    </map>
    <map>
      <Cell>
        <entity1 rdf:resource="https://w3id.org/scholarlydata/organisation/nsf"/>
        <entity2 rdf:resource="https://w3id.org/scholarlydata/organisation/heriot-watt-university"/>
        <relation>!=</relation>
        <measure rdf:datatype="http://www.w3.org/2001/XMLSchema#float">1.0</measure>
      </Cell>
    </map>
    <map>
      <Cell>
        <entity1 rdf:resource="https://w3id.org/scholarlydata/organisation/dfki---w3c-fellow"/>
        <entity2 rdf:resource="https://w3id.org/scholarlydata/organisation/fh-potsdam-w3c-german-austrian-office"/>
        <relation>!=</relation>
        <measure rdf:datatype="http://www.w3.org/2001/XMLSchema#float">1.0</measure>
      </Cell>
    </map>
    <map>
      <Cell>
        <entity1 rdf:resource="https://w3id.org/scholarlydata/organisation/the-national-board-of-antiquities"/>
        <entity2 rdf:resource="https://w3id.org/scholarlydata/organisation/universitaet-mannheim-institut-fuer-informatik"/>
        <relation>!=</relation>
        <measure rdf:datatype="http://www.w3.org/2001/XMLSchema#float">1.0</measure>
      </Cell>
    </map>
    <map>
      <Cell>
        <entity1 rdf:resource="https://w3id.org/scholarlydata/organisation/disi-university-of-trento"/>
        <entity2 rdf:resource="https://w3id.org/scholarlydata/organisation/university-of-trento-italy"/>
        <relation>!=</relation>
        <measure rdf:datatype="http://www.w3.org/2001/XMLSchema#float">1.0</measure>
      </Cell>
    </map>
    <map>
      <Cell>
        <entity1 rdf:resource="https://w3id.org/scholarlydata/organisation/research-center-for-information-technology-fzi"/>
        <entity2 rdf:resource="https://w3id.org/scholarlydata/organisation/siemens-ag-corporate-technology"/>
        <relation>!=</relation>
        <measure rdf:datatype="http://www.w3.org/2001/XMLSchema#float">1.0</measure>
      </Cell>
    </map>
    <map>
      <Cell>
        <entity1 rdf:resource="https://w3id.org/scholarlydata/organisation/epfl"/>
        <entity2 rdf:resource="https://w3id.org/scholarlydata/organisation/harokopio-university"/>
        <relation>!=</relation>
        <measure rdf:datatype="http://www.w3.org/2001/XMLSchema#float">1.0</measure>
      </Cell>
    </map>
    <map>
      <Cell>
        <entity1 rdf:resource="https://w3id.org/scholarlydata/organisation/microsoft-research-asia"/>
        <entity2 rdf:resource="https://w3id.org/scholarlydata/organisation/university-of-california-santa-barbara"/>
        <relation>!=</relation>
        <measure rdf:datatype="http://www.w3.org/2001/XMLSchema#float">1.0</measure>
      </Cell>
    </map>
    <map>
      <Cell>
        <entity1 rdf:resource="https://w3id.org/scholarlydata/organisation/tsinghua-u"/>
        <entity2 rdf:resource="https://w3id.org/scholarlydata/organisation/indian-institute-of-science"/>
        <relation>!=</relation>
        <measure rdf:datatype="http://www.w3.org/2001/XMLSchema#float">1.0</measure>
      </Cell>
    </map>
    <map>
      <Cell>
        <entity1 rdf:resource="https://w3id.org/scholarlydata/organisation/hitachi"/>
        <entity2 rdf:resource="https://w3id.org/scholarlydata/organisation/ritsumeikan-university"/>
        <relation>!=</relation>
        <measure rdf:datatype="http://www.w3.org/2001/XMLSchema#float">1.0</measure>
      </Cell>
    </map>
    <map>
      <Cell>
        <entity1 rdf:resource="https://w3id.org/scholarlydata/organisation/taxonomy-strategies"/>
        <entity2 rdf:resource="https://w3id.org/scholarlydata/organisation/j-stefan-institute-ljubljana"/>
        <relation>!=</relation>
        <measure rdf:datatype="http://www.w3.org/2001/XMLSchema#float">1.0</measure>
      </Cell>
    </map>
    <map>
      <Cell>
        <entity1 rdf:resource="https://w3id.org/scholarlydata/organisation/freiburg-university"/>
        <entity2 rdf:resource="https://w3id.org/scholarlydata/organisation/freudenberg-it"/>
        <relation>!=</relation>
        <measure rdf:datatype="http://www.w3.org/2001/XMLSchema#float">1.0</measure>
      </Cell>
    </map>
    <map>
      <Cell>
        <entity1 rdf:resource="https://w3id.org/scholarlydata/organisation/national-centre-for-text-mining-university-of-manc"/>
        <entity2 rdf:resource="https://w3id.org/scholarlydata/organisation/visa-inc"/>
        <relation>!=</relation>
        <measure rdf:datatype="http://www.w3.org/2001/XMLSchema#float">1.0</measure>
      </Cell>
    </map>
    <map>
      <Cell>
        <entity1 rdf:resource="https://w3id.org/scholarlydata/organisation/"/>
        <entity2 rdf:resource="https://w3id.org/scholarlydata/organisation/national-technical-university-of-athens-ntua"/>
        <relation>!=</relation>
        <measure rdf:datatype="http://www.w3.org/2001/XMLSchema#float">1.0</measure>
      </Cell>
    </map>
    <map>
      <Cell>
        <entity1 rdf:resource="https://w3id.org/scholarlydata/organisation/florida-international-university"/>
        <entity2 rdf:resource="https://w3id.org/scholarlydata/organisation/national-ict-australia"/>
        <relation>!=</relation>
        <measure rdf:datatype="http://www.w3.org/2001/XMLSchema#float">1.0</measure>
      </Cell>
    </map>
    <map>
      <Cell>
        <entity1 rdf:resource="https://w3id.org/scholarlydata/organisation/department-of-computing-and-information-technology-fudan-university"/>
        <entity2 rdf:resource="https://w3id.org/scholarlydata/organisation/inria-score"/>
        <relation>!=</relation>
        <measure rdf:datatype="http://www.w3.org/2001/XMLSchema#float">1.0</measure>
      </Cell>
    </map>
    <map>
      <Cell>
        <entity1 rdf:resource="https://w3id.org/scholarlydata/organisation/krdb"/>
        <entity2 rdf:resource="https://w3id.org/scholarlydata/organisation/inria-saclay-ile-de-france-and-lri-universite-paris-sud-11"/>
        <relation>!=</relation>
        <measure rdf:datatype="http://www.w3.org/2001/XMLSchema#float">1.0</measure>
      </Cell>
    </map>
    <map>
      <Cell>
        <entity1 rdf:resource="https://w3id.org/scholarlydata/organisation/drrt-lorraine"/>
        <entity2 rdf:resource="https://w3id.org/scholarlydata/organisation/linkping-university"/>
        <relation>!=</relation>
        <measure rdf:datatype="http://www.w3.org/2001/XMLSchema#float">1.0</measure>
      </Cell>
    </map>
    <map>
      <Cell>
        <entity1 rdf:resource="https://w3id.org/scholarlydata/organisation/deri-universitaet-innsbruck"/>
        <entity2 rdf:resource="https://w3id.org/scholarlydata/organisation/sap-ag"/>
        <relation>!=</relation>
        <measure rdf:datatype="http://www.w3.org/2001/XMLSchema#float">1.0</measure>
      </Cell>
    </map>
    <map>
      <Cell>
        <entity1 rdf:resource="https://w3id.org/scholarlydata/organisation/jozef-stefan-institute"/>
        <entity2 rdf:resource="https://w3id.org/scholarlydata/organisation/montpellier-2-university"/>
        <relation>!=</relation>
        <measure rdf:datatype="http://www.w3.org/2001/XMLSchema#float">1.0</measure>
      </Cell>
    </map>
    <map>
      <Cell>
        <entity1 rdf:resource="https://w3id.org/scholarlydata/organisation/university-of-west-bohemia"/>
        <entity2 rdf:resource="https://w3id.org/scholarlydata/organisation/vienna-university-of-economics-and-business-wu-wien"/>
        <relation>!=</relation>
        <measure rdf:datatype="http://www.w3.org/2001/XMLSchema#float">1.0</measure>
      </Cell>
    </map>
    <map>
      <Cell>
        <entity1 rdf:resource="https://w3id.org/scholarlydata/organisation/homi-bhabha-centre-for-science-education"/>
        <entity2 rdf:resource="https://w3id.org/scholarlydata/organisation/university-of-cambridge"/>
        <relation>!=</relation>
        <measure rdf:datatype="http://www.w3.org/2001/XMLSchema#float">1.0</measure>
      </Cell>
    </map>
    <map>
      <Cell>
        <entity1 rdf:resource="https://w3id.org/scholarlydata/organisation/the-hebrew-university"/>
        <entity2 rdf:resource="https://w3id.org/scholarlydata/organisation/hewlett-packard-usa"/>
        <relation>!=</relation>
        <measure rdf:datatype="http://www.w3.org/2001/XMLSchema#float">1.0</measure>
      </Cell>
    </map>
    <map>
      <Cell>
        <entity1 rdf:resource="https://w3id.org/scholarlydata/organisation/fraunhofer-fokus"/>
        <entity2 rdf:resource="https://w3id.org/scholarlydata/organisation/y-labs"/>
        <relation>!=</relation>
        <measure rdf:datatype="http://www.w3.org/2001/XMLSchema#float">1.0</measure>
      </Cell>
    </map>
    <map>
      <Cell>
        <entity1 rdf:resource="https://w3id.org/scholarlydata/organisation/ibm-china-research-laboratory"/>
        <entity2 rdf:resource="https://w3id.org/scholarlydata/organisation/shanghai-jiaotong-university-ibm-research-china"/>
        <relation>!=</relation>
        <measure rdf:datatype="http://www.w3.org/2001/XMLSchema#float">1.0</measure>
      </Cell>
    </map>
    <map>
      <Cell>
        <entity1 rdf:resource="https://w3id.org/scholarlydata/organisation/deri-nui-galway"/>
        <entity2 rdf:resource="https://w3id.org/scholarlydata/organisation/medical-university-of-vienna-austria"/>
        <relation>!=</relation>
        <measure rdf:datatype="http://www.w3.org/2001/XMLSchema#float">1.0</measure>
      </Cell>
    </map>
    <map>
      <Cell>
        <entity1 rdf:resource="https://w3id.org/scholarlydata/organisation/aifb-university-of-karlsruhe"/>
        <entity2 rdf:resource="https://w3id.org/scholarlydata/organisation/deri-universitaet-innsbruck"/>
        <relation>!=</relation>
        <measure rdf:datatype="http://www.w3.org/2001/XMLSchema#float">1.0</measure>
      </Cell>
    </map>
    <map>
      <Cell>
        <entity1 rdf:resource="https://w3id.org/scholarlydata/organisation/hewlett-packard-laboratories"/>
        <entity2 rdf:resource="https://w3id.org/scholarlydata/organisation/institut-aifb-universitaet-karlsruhe"/>
        <relation>!=</relation>
        <measure rdf:datatype="http://www.w3.org/2001/XMLSchema#float">1.0</measure>
      </Cell>
    </map>
    <map>
      <Cell>
        <entity1 rdf:resource="https://w3id.org/scholarlydata/organisation/universite-catholique-de-louvain"/>
        <entity2 rdf:resource="https://w3id.org/scholarlydata/organisation/fnrs-universilte-catholique-de-louvain"/>
        <relation>!=</relation>
        <measure rdf:datatype="http://www.w3.org/2001/XMLSchema#float">1.0</measure>
      </Cell>
    </map>
    <map>
      <Cell>
        <entity1 rdf:resource="https://w3id.org/scholarlydata/organisation/cnr"/>
        <entity2 rdf:resource="https://w3id.org/scholarlydata/organisation/cnr-istc-italy"/>
        <relation>!=</relation>
        <measure rdf:datatype="http://www.w3.org/2001/XMLSchema#float">1.0</measure>
      </Cell>
    </map>
    <map>
      <Cell>
        <entity1 rdf:resource="https://w3id.org/scholarlydata/organisation/department-of-computer-science-university-of-sheff"/>
        <entity2 rdf:resource="https://w3id.org/scholarlydata/organisation/taslab-informatica-trentina-spa"/>
        <relation>!=</relation>
        <measure rdf:datatype="http://www.w3.org/2001/XMLSchema#float">1.0</measure>
      </Cell>
    </map>
    <map>
      <Cell>
        <entity1 rdf:resource="https://w3id.org/scholarlydata/organisation/irisa-universite-rennes-1-enssat"/>
        <entity2 rdf:resource="https://w3id.org/scholarlydata/organisation/dublin-core-metadata-initiative"/>
        <relation>!=</relation>
        <measure rdf:datatype="http://www.w3.org/2001/XMLSchema#float">1.0</measure>
      </Cell>
    </map>
    <map>
      <Cell>
        <entity1 rdf:resource="https://w3id.org/scholarlydata/organisation/garvan-institute-of-medical-research"/>
        <entity2 rdf:resource="https://w3id.org/scholarlydata/organisation/school-of-itee-the-university-of-queensland"/>
        <relation>!=</relation>
        <measure rdf:datatype="http://www.w3.org/2001/XMLSchema#float">1.0</measure>
      </Cell>
    </map>
    <map>
      <Cell>
        <entity1 rdf:resource="https://w3id.org/scholarlydata/organisation/ips-institute-of-phonetics-and-speech-processing"/>
        <entity2 rdf:resource="https://w3id.org/scholarlydata/organisation/university-of-hasselt"/>
        <relation>!=</relation>
        <measure rdf:datatype="http://www.w3.org/2001/XMLSchema#float">1.0</measure>
      </Cell>
    </map>
    <map>
      <Cell>
        <entity1 rdf:resource="https://w3id.org/scholarlydata/organisation/ksoftware"/>
        <entity2 rdf:resource="https://w3id.org/scholarlydata/organisation/ariadnext"/>
        <relation>!=</relation>
        <measure rdf:datatype="http://www.w3.org/2001/XMLSchema#float">1.0</measure>
      </Cell>
    </map>
    <map>
      <Cell>
        <entity1 rdf:resource="https://w3id.org/scholarlydata/organisation/microsoft-research-and-technion"/>
        <entity2 rdf:resource="https://w3id.org/scholarlydata/organisation/technion-israel-institute-of-technology"/>
        <relation>!=</relation>
        <measure rdf:datatype="http://www.w3.org/2001/XMLSchema#float">1.0</measure>
      </Cell>
    </map>
  </Alignment>
</rdf:RDF>
