<Interlink id="ORG_manual_spilt4">
  <LinkType>&lt;http://www.w3.org/2002/07/owl#sameAs&gt;</LinkType>
  <SourceDataset dataSource="source_org" var="a">
    <RestrictTo> </RestrictTo>
  </SourceDataset>
  <TargetDataset dataSource="target_org" var="b">
    <RestrictTo> </RestrictTo>
  </TargetDataset>
  <LinkageRule>
    <Aggregate id="unnamed_3" required="false" weight="1" type="max">
      <Compare id="unnamed_4" required="false" weight="1" metric="levenshteinDistance" threshold="2.0" indexing="true">
        <Input id="unnamed_1" path="?a/&lt;http://scholarlydata.org/deduplication/org_member_name&gt;"/>
        <Input id="unnamed_2" path="?b/&lt;http://scholarlydata.org/deduplication/org_member_name&gt;"/>
      </Compare>
      <Compare id="unnamed_7" required="false" weight="1" metric="levenshteinDistance" threshold="1.0" indexing="true">
        <Input id="unnamed_5" path="?a/&lt;http://scholarlydata.org/deduplication/org_member_uri&gt;"/>
        <Input id="unnamed_6" path="?b/&lt;http://scholarlydata.org/deduplication/org_member_uri&gt;"/>
      </Compare>
      <Compare id="unnamed_10" required="false" weight="1" metric="levenshteinDistance" threshold="0.0" indexing="true">
        <Input id="unnamed_8" path="?a/&lt;http://scholarlydata.org/deduplication/org_participated_event_uri&gt;"/>
        <Input id="unnamed_9" path="?b/&lt;http://scholarlydata.org/deduplication/org_participated_event_uri&gt;"/>
        <Param name="minChar" value="0"/>
        <Param name="maxChar" value="z"/>
      </Compare>
    </Aggregate>
  </LinkageRule>
  <Filter/>
  <Outputs> </Outputs>
</Interlink>
