<Interlink id="link_per_2">
  <LinkType>&lt;http://www.w3.org/2002/07/owl#sameAs&gt;</LinkType>
  <SourceDataset dataSource="source_per" var="a">
    <RestrictTo> </RestrictTo>
  </SourceDataset>
  <TargetDataset dataSource="target_per" var="b">
    <RestrictTo> </RestrictTo>
  </TargetDataset>
  <LinkageRule>
    <Aggregate id="unnamed_1268595" required="false" weight="10" type="max">
      <Compare id="unnamed_1268591" required="false" weight="2" metric="jaccard" threshold="0.5204117303248619" indexing="true">
        <TransformInput id="unnamed_1268588" function="tokenize">
          <Input id="unnamed_1268587" path="?a/&lt;http://scholarlydata.org/deduplication/per_name&gt;"/>
        </TransformInput>
        <TransformInput id="unnamed_1268590" function="tokenize">
          <Input id="unnamed_1268589" path="?b/&lt;http://scholarlydata.org/deduplication/per_name&gt;"/>
        </TransformInput>
      </Compare>
      <Compare id="unnamed_1268594" required="false" weight="11" metric="levenshteinDistance" threshold="2.445943772092179" indexing="true">
        <Input id="unnamed_1268592" path="?a/&lt;http://scholarlydata.org/deduplication/per_name&gt;"/>
        <Input id="unnamed_1268593" path="?b/&lt;http://scholarlydata.org/deduplication/per_name&gt;"/>
      </Compare>
    </Aggregate>
  </LinkageRule>
  <Filter/>
  <Outputs> </Outputs>
</Interlink>
