<rdf:RDF xmlns:align="http://knowledgeweb.semanticweb.org/heterogeneity/alignment#" xmlns:xsd="http://www.w3.org/2001/XMLSchema#" xmlns:rdf="http://www.w3.org/1999/02/22-rdf-syntax-ns#" xmlns="http://knowledgeweb.semanticweb.org/heterogeneity/alignment#">
  <Alignment>
    <map>
      <Cell>
        <entity1 rdf:resource="https://w3id.org/scholarlydata/person/alfio-gliozzo"/>
        <entity2 rdf:resource="https://w3id.org/scholarlydata/person/alfio-massimiliano-gliozzo"/>
        <relation>=</relation>
        <measure rdf:datatype="http://www.w3.org/2001/XMLSchema#float">1.0</measure>
      </Cell>
    </map>
    <map>
      <Cell>
        <entity1 rdf:resource="https://w3id.org/scholarlydata/person/ryann-lichtenwalter"/>
        <entity2 rdf:resource="https://w3id.org/scholarlydata/person/ryan-n-lichtenwalter"/>
        <relation>=</relation>
        <measure rdf:datatype="http://www.w3.org/2001/XMLSchema#float">1.0</measure>
      </Cell>
    </map>
    <map>
      <Cell>
        <entity1 rdf:resource="https://w3id.org/scholarlydata/person/ryen-white"/>
        <entity2 rdf:resource="https://w3id.org/scholarlydata/person/ryen-w-white"/>
        <relation>=</relation>
        <measure rdf:datatype="http://www.w3.org/2001/XMLSchema#float">1.0</measure>
      </Cell>
    </map>
    <map>
      <Cell>
        <entity1 rdf:resource="https://w3id.org/scholarlydata/person/juanf-sequeda"/>
        <entity2 rdf:resource="https://w3id.org/scholarlydata/person/juan-f-sequeda"/>
        <relation>=</relation>
        <measure rdf:datatype="http://www.w3.org/2001/XMLSchema#float">1.0</measure>
      </Cell>
    </map>
    <map>
      <Cell>
        <entity1 rdf:resource="https://w3id.org/scholarlydata/person/pernhui-chia"/>
        <entity2 rdf:resource="https://w3id.org/scholarlydata/person/pern-hui-chia"/>
        <relation>=</relation>
        <measure rdf:datatype="http://www.w3.org/2001/XMLSchema#float">1.0</measure>
      </Cell>
    </map>
    <map>
      <Cell>
        <entity1 rdf:resource="https://w3id.org/scholarlydata/person/alejandro-a-vaisman"/>
        <entity2 rdf:resource="https://w3id.org/scholarlydata/person/alejandro-vaisman"/>
        <relation>=</relation>
        <measure rdf:datatype="http://www.w3.org/2001/XMLSchema#float">1.0</measure>
      </Cell>
    </map>
    <map>
      <Cell>
        <entity1 rdf:resource="https://w3id.org/scholarlydata/person/fabian-suchanek"/>
        <entity2 rdf:resource="https://w3id.org/scholarlydata/person/fabianm-suchanek"/>
        <relation>=</relation>
        <measure rdf:datatype="http://www.w3.org/2001/XMLSchema#float">1.0</measure>
      </Cell>
    </map>
    <map>
      <Cell>
        <entity1 rdf:resource="https://w3id.org/scholarlydata/person/l-venkata-subramaniam"/>
        <entity2 rdf:resource="https://w3id.org/scholarlydata/person/l-v-subramaniam"/>
        <relation>=</relation>
        <measure rdf:datatype="http://www.w3.org/2001/XMLSchema#float">1.0</measure>
      </Cell>
    </map>
    <map>
      <Cell>
        <entity1 rdf:resource="https://w3id.org/scholarlydata/person/juan-f-sequeda"/>
        <entity2 rdf:resource="https://w3id.org/scholarlydata/person/juanf-sequeda"/>
        <relation>=</relation>
        <measure rdf:datatype="http://www.w3.org/2001/XMLSchema#float">1.0</measure>
      </Cell>
    </map>
    <map>
      <Cell>
        <entity1 rdf:resource="https://w3id.org/scholarlydata/person/fabian-m-suchanek"/>
        <entity2 rdf:resource="https://w3id.org/scholarlydata/person/fabian-suchanek"/>
        <relation>=</relation>
        <measure rdf:datatype="http://www.w3.org/2001/XMLSchema#float">1.0</measure>
      </Cell>
    </map>
    <map>
      <Cell>
        <entity1 rdf:resource="https://w3id.org/scholarlydata/person/lyndon-nixon"/>
        <entity2 rdf:resource="https://w3id.org/scholarlydata/person/lyndon-j-b-nixon"/>
        <relation>=</relation>
        <measure rdf:datatype="http://www.w3.org/2001/XMLSchema#float">1.0</measure>
      </Cell>
    </map>
    <map>
      <Cell>
        <entity1 rdf:resource="https://w3id.org/scholarlydata/person/claudiu-s-firan"/>
        <entity2 rdf:resource="https://w3id.org/scholarlydata/person/claudiu-firan"/>
        <relation>=</relation>
        <measure rdf:datatype="http://www.w3.org/2001/XMLSchema#float">1.0</measure>
      </Cell>
    </map>
    <map>
      <Cell>
        <entity1 rdf:resource="https://w3id.org/scholarlydata/person/robert-jaeschke"/>
        <entity2 rdf:resource="https://w3id.org/scholarlydata/person/robert-jaschke"/>
        <relation>=</relation>
        <measure rdf:datatype="http://www.w3.org/2001/XMLSchema#float">1.0</measure>
      </Cell>
    </map>
    <map>
      <Cell>
        <entity1 rdf:resource="https://w3id.org/scholarlydata/person/krysta-svore"/>
        <entity2 rdf:resource="https://w3id.org/scholarlydata/person/krysta-m-svore"/>
        <relation>=</relation>
        <measure rdf:datatype="http://www.w3.org/2001/XMLSchema#float">1.0</measure>
      </Cell>
    </map>
    <map>
      <Cell>
        <entity1 rdf:resource="https://w3id.org/scholarlydata/person/peter-wood"/>
        <entity2 rdf:resource="https://w3id.org/scholarlydata/person/p-t-wood"/>
        <relation>=</relation>
        <measure rdf:datatype="http://www.w3.org/2001/XMLSchema#float">1.0</measure>
      </Cell>
    </map>
    <map>
      <Cell>
        <entity1 rdf:resource="https://w3id.org/scholarlydata/person/gregoris-antoniou"/>
        <entity2 rdf:resource="https://w3id.org/scholarlydata/person/grigoris-antoniou"/>
        <relation>=</relation>
        <measure rdf:datatype="http://www.w3.org/2001/XMLSchema#float">1.0</measure>
      </Cell>
    </map>
    <map>
      <Cell>
        <entity1 rdf:resource="https://w3id.org/scholarlydata/person/Oscar-corcho"/>
        <entity2 rdf:resource="https://w3id.org/scholarlydata/person/oscar-corcho"/>
        <relation>=</relation>
        <measure rdf:datatype="http://www.w3.org/2001/XMLSchema#float">1.0</measure>
      </Cell>
    </map>
    <map>
      <Cell>
        <entity1 rdf:resource="https://w3id.org/scholarlydata/person/grigoris-antoniou"/>
        <entity2 rdf:resource="https://w3id.org/scholarlydata/person/gregoris-antoniou"/>
        <relation>=</relation>
        <measure rdf:datatype="http://www.w3.org/2001/XMLSchema#float">1.0</measure>
      </Cell>
    </map>
    <map>
      <Cell>
        <entity1 rdf:resource="https://w3id.org/scholarlydata/person/david-lewis"/>
        <entity2 rdf:resource="https://w3id.org/scholarlydata/person/dave-lewis"/>
        <relation>=</relation>
        <measure rdf:datatype="http://www.w3.org/2001/XMLSchema#float">1.0</measure>
      </Cell>
    </map>
    <map>
      <Cell>
        <entity1 rdf:resource="https://w3id.org/scholarlydata/person/alasdair-j-g-gray"/>
        <entity2 rdf:resource="https://w3id.org/scholarlydata/person/alasdair-gray"/>
        <relation>=</relation>
        <measure rdf:datatype="http://www.w3.org/2001/XMLSchema#float">1.0</measure>
      </Cell>
    </map>
    <map>
      <Cell>
        <entity1 rdf:resource="https://w3id.org/scholarlydata/person/craig-knoblock"/>
        <entity2 rdf:resource="https://w3id.org/scholarlydata/person/craig-a-knoblock"/>
        <relation>=</relation>
        <measure rdf:datatype="http://www.w3.org/2001/XMLSchema#float">1.0</measure>
      </Cell>
    </map>
    <map>
      <Cell>
        <entity1 rdf:resource="https://w3id.org/scholarlydata/person/krysta-m-svore"/>
        <entity2 rdf:resource="https://w3id.org/scholarlydata/person/krysta-svore"/>
        <relation>=</relation>
        <measure rdf:datatype="http://www.w3.org/2001/XMLSchema#float">1.0</measure>
      </Cell>
    </map>
    <map>
      <Cell>
        <entity1 rdf:resource="https://w3id.org/scholarlydata/person/marco-antonio-casanova"/>
        <entity2 rdf:resource="https://w3id.org/scholarlydata/person/marco-casanova"/>
        <relation>=</relation>
        <measure rdf:datatype="http://www.w3.org/2001/XMLSchema#float">1.0</measure>
      </Cell>
    </map>
    <map>
      <Cell>
        <entity1 rdf:resource="https://w3id.org/scholarlydata/person/amparo-e-cano"/>
        <entity2 rdf:resource="https://w3id.org/scholarlydata/person/amparo-e.-cano"/>
        <relation>=</relation>
        <measure rdf:datatype="http://www.w3.org/2001/XMLSchema#float">1.0</measure>
      </Cell>
    </map>
    <map>
      <Cell>
        <entity1 rdf:resource="https://w3id.org/scholarlydata/person/willem-robert-van-hage"/>
        <entity2 rdf:resource="https://w3id.org/scholarlydata/person/willem-van-hage"/>
        <relation>=</relation>
        <measure rdf:datatype="http://www.w3.org/2001/XMLSchema#float">1.0</measure>
      </Cell>
    </map>
    <map>
      <Cell>
        <entity1 rdf:resource="https://w3id.org/scholarlydata/person/robert-jaschke"/>
        <entity2 rdf:resource="https://w3id.org/scholarlydata/person/robert-jaeschke"/>
        <relation>=</relation>
        <measure rdf:datatype="http://www.w3.org/2001/XMLSchema#float">1.0</measure>
      </Cell>
    </map>
    <map>
      <Cell>
        <entity1 rdf:resource="https://w3id.org/scholarlydata/person/uli-sattler"/>
        <entity2 rdf:resource="https://w3id.org/scholarlydata/person/ulrike-sattler"/>
        <relation>=</relation>
        <measure rdf:datatype="http://www.w3.org/2001/XMLSchema#float">1.0</measure>
      </Cell>
    </map>
    <map>
      <Cell>
        <entity1 rdf:resource="https://w3id.org/scholarlydata/person/soeren-auer"/>
        <entity2 rdf:resource="https://w3id.org/scholarlydata/person/soren-auer"/>
        <relation>=</relation>
        <measure rdf:datatype="http://www.w3.org/2001/XMLSchema#float">1.0</measure>
      </Cell>
    </map>
    <map>
      <Cell>
        <entity1 rdf:resource="https://w3id.org/scholarlydata/person/marco-a.-casanova"/>
        <entity2 rdf:resource="https://w3id.org/scholarlydata/person/marco-casanova"/>
        <relation>=</relation>
        <measure rdf:datatype="http://www.w3.org/2001/XMLSchema#float">1.0</measure>
      </Cell>
    </map>
    <map>
      <Cell>
        <entity1 rdf:resource="https://w3id.org/scholarlydata/person/fabio-cozman"/>
        <entity2 rdf:resource="https://w3id.org/scholarlydata/person/fabio-gagliardi-cozman"/>
        <relation>=</relation>
        <measure rdf:datatype="http://www.w3.org/2001/XMLSchema#float">1.0</measure>
      </Cell>
    </map>
    <map>
      <Cell>
        <entity1 rdf:resource="https://w3id.org/scholarlydata/person/claudiu-firan"/>
        <entity2 rdf:resource="https://w3id.org/scholarlydata/person/claudiu-s-firan"/>
        <relation>=</relation>
        <measure rdf:datatype="http://www.w3.org/2001/XMLSchema#float">1.0</measure>
      </Cell>
    </map>
    <map>
      <Cell>
        <entity1 rdf:resource="https://w3id.org/scholarlydata/person/haklae-kim"/>
        <entity2 rdf:resource="https://w3id.org/scholarlydata/person/hak-kim"/>
        <relation>=</relation>
        <measure rdf:datatype="http://www.w3.org/2001/XMLSchema#float">1.0</measure>
      </Cell>
    </map>
    <map>
      <Cell>
        <entity1 rdf:resource="https://w3id.org/scholarlydata/person/daniel-miranker"/>
        <entity2 rdf:resource="https://w3id.org/scholarlydata/person/daniel-p-miranker"/>
        <relation>=</relation>
        <measure rdf:datatype="http://www.w3.org/2001/XMLSchema#float">1.0</measure>
      </Cell>
    </map>
    <map>
      <Cell>
        <entity1 rdf:resource="https://w3id.org/scholarlydata/person/qin-lu"/>
        <entity2 rdf:resource="https://w3id.org/scholarlydata/person/chun-lu"/>
        <relation>!=</relation>
        <measure rdf:datatype="http://www.w3.org/2001/XMLSchema#float">1.0</measure>
      </Cell>
    </map>
    <map>
      <Cell>
        <entity1 rdf:resource="https://w3id.org/scholarlydata/person/gaurav-aggarwal"/>
        <entity2 rdf:resource="https://w3id.org/scholarlydata/person/charu-aggarwal"/>
        <relation>!=</relation>
        <measure rdf:datatype="http://www.w3.org/2001/XMLSchema#float">1.0</measure>
      </Cell>
    </map>
    <map>
      <Cell>
        <entity1 rdf:resource="https://w3id.org/scholarlydata/person/brendan-fong"/>
        <entity2 rdf:resource="https://w3id.org/scholarlydata/person/calvin-fong"/>
        <relation>!=</relation>
        <measure rdf:datatype="http://www.w3.org/2001/XMLSchema#float">1.0</measure>
      </Cell>
    </map>
    <map>
      <Cell>
        <entity1 rdf:resource="https://w3id.org/scholarlydata/person/markus-krause"/>
        <entity2 rdf:resource="https://w3id.org/scholarlydata/person/kai-uwe-krause"/>
        <relation>!=</relation>
        <measure rdf:datatype="http://www.w3.org/2001/XMLSchema#float">1.0</measure>
      </Cell>
    </map>
    <map>
      <Cell>
        <entity1 rdf:resource="https://w3id.org/scholarlydata/person/claus-stadler"/>
        <entity2 rdf:resource="https://w3id.org/scholarlydata/person/rolf-stadler"/>
        <relation>!=</relation>
        <measure rdf:datatype="http://www.w3.org/2001/XMLSchema#float">1.0</measure>
      </Cell>
    </map>
    <map>
      <Cell>
        <entity1 rdf:resource="https://w3id.org/scholarlydata/person/mary-allen"/>
        <entity2 rdf:resource="https://w3id.org/scholarlydata/person/rachel-allen"/>
        <relation>!=</relation>
        <measure rdf:datatype="http://www.w3.org/2001/XMLSchema#float">1.0</measure>
      </Cell>
    </map>
    <map>
      <Cell>
        <entity1 rdf:resource="https://w3id.org/scholarlydata/person/hugh-c-davis"/>
        <entity2 rdf:resource="https://w3id.org/scholarlydata/person/cornelia-davis"/>
        <relation>!=</relation>
        <measure rdf:datatype="http://www.w3.org/2001/XMLSchema#float">1.0</measure>
      </Cell>
    </map>
    <map>
      <Cell>
        <entity1 rdf:resource="https://w3id.org/scholarlydata/person/guenter-neumann"/>
        <entity2 rdf:resource="https://w3id.org/scholarlydata/person/thomas-neumann"/>
        <relation>!=</relation>
        <measure rdf:datatype="http://www.w3.org/2001/XMLSchema#float">1.0</measure>
      </Cell>
    </map>
    <map>
      <Cell>
        <entity1 rdf:resource="https://w3id.org/scholarlydata/person/guoqian-jiang"/>
        <entity2 rdf:resource="https://w3id.org/scholarlydata/person/daxin-jiang"/>
        <relation>!=</relation>
        <measure rdf:datatype="http://www.w3.org/2001/XMLSchema#float">1.0</measure>
      </Cell>
    </map>
    <map>
      <Cell>
        <entity1 rdf:resource="https://w3id.org/scholarlydata/person/miguel-esteban-gutierrez"/>
        <entity2 rdf:resource="https://w3id.org/scholarlydata/person/claudio-gutierrez"/>
        <relation>!=</relation>
        <measure rdf:datatype="http://www.w3.org/2001/XMLSchema#float">1.0</measure>
      </Cell>
    </map>
    <map>
      <Cell>
        <entity1 rdf:resource="https://w3id.org/scholarlydata/person/ian-millard"/>
        <entity2 rdf:resource="https://w3id.org/scholarlydata/person/david-millard"/>
        <relation>!=</relation>
        <measure rdf:datatype="http://www.w3.org/2001/XMLSchema#float">1.0</measure>
      </Cell>
    </map>
    <map>
      <Cell>
        <entity1 rdf:resource="https://w3id.org/scholarlydata/person/roberto-garcia"/>
        <entity2 rdf:resource="https://w3id.org/scholarlydata/person/jose-maria-garcia"/>
        <relation>!=</relation>
        <measure rdf:datatype="http://www.w3.org/2001/XMLSchema#float">1.0</measure>
      </Cell>
    </map>
    <map>
      <Cell>
        <entity1 rdf:resource="https://w3id.org/scholarlydata/person/kapil-singh"/>
        <entity2 rdf:resource="https://w3id.org/scholarlydata/person/gyanit-singh"/>
        <relation>!=</relation>
        <measure rdf:datatype="http://www.w3.org/2001/XMLSchema#float">1.0</measure>
      </Cell>
    </map>
    <map>
      <Cell>
        <entity1 rdf:resource="https://w3id.org/scholarlydata/person/tobias-roth"/>
        <entity2 rdf:resource="https://w3id.org/scholarlydata/person/camille-roth"/>
        <relation>!=</relation>
        <measure rdf:datatype="http://www.w3.org/2001/XMLSchema#float">1.0</measure>
      </Cell>
    </map>
    <map>
      <Cell>
        <entity1 rdf:resource="https://w3id.org/scholarlydata/person/amit-klein"/>
        <entity2 rdf:resource="https://w3id.org/scholarlydata/person/michael-klein"/>
        <relation>!=</relation>
        <measure rdf:datatype="http://www.w3.org/2001/XMLSchema#float">1.0</measure>
      </Cell>
    </map>
    <map>
      <Cell>
        <entity1 rdf:resource="https://w3id.org/scholarlydata/person/wei-shen"/>
        <entity2 rdf:resource="https://w3id.org/scholarlydata/person/yi-dong-shen"/>
        <relation>!=</relation>
        <measure rdf:datatype="http://www.w3.org/2001/XMLSchema#float">1.0</measure>
      </Cell>
    </map>
    <map>
      <Cell>
        <entity1 rdf:resource="https://w3id.org/scholarlydata/person/hwee-tou-ng"/>
        <entity2 rdf:resource="https://w3id.org/scholarlydata/person/vincent-ng"/>
        <relation>!=</relation>
        <measure rdf:datatype="http://www.w3.org/2001/XMLSchema#float">1.0</measure>
      </Cell>
    </map>
    <map>
      <Cell>
        <entity1 rdf:resource="https://w3id.org/scholarlydata/person/xuxian-jiang"/>
        <entity2 rdf:resource="https://w3id.org/scholarlydata/person/daxin-jiang"/>
        <relation>!=</relation>
        <measure rdf:datatype="http://www.w3.org/2001/XMLSchema#float">1.0</measure>
      </Cell>
    </map>
    <map>
      <Cell>
        <entity1 rdf:resource="https://w3id.org/scholarlydata/person/yi-dong-shen"/>
        <entity2 rdf:resource="https://w3id.org/scholarlydata/person/dou-shen"/>
        <relation>!=</relation>
        <measure rdf:datatype="http://www.w3.org/2001/XMLSchema#float">1.0</measure>
      </Cell>
    </map>
    <map>
      <Cell>
        <entity1 rdf:resource="https://w3id.org/scholarlydata/person/wei-hu"/>
        <entity2 rdf:resource="https://w3id.org/scholarlydata/person/xia-hu"/>
        <relation>!=</relation>
        <measure rdf:datatype="http://www.w3.org/2001/XMLSchema#float">1.0</measure>
      </Cell>
    </map>
    <map>
      <Cell>
        <entity1 rdf:resource="https://w3id.org/scholarlydata/person/tao-sun"/>
        <entity2 rdf:resource="https://w3id.org/scholarlydata/person/aixin-sun"/>
        <relation>!=</relation>
        <measure rdf:datatype="http://www.w3.org/2001/XMLSchema#float">1.0</measure>
      </Cell>
    </map>
    <map>
      <Cell>
        <entity1 rdf:resource="https://w3id.org/scholarlydata/person/wei-fan"/>
        <entity2 rdf:resource="https://w3id.org/scholarlydata/person/james-fan"/>
        <relation>!=</relation>
        <measure rdf:datatype="http://www.w3.org/2001/XMLSchema#float">1.0</measure>
      </Cell>
    </map>
    <map>
      <Cell>
        <entity1 rdf:resource="https://w3id.org/scholarlydata/person/maria-smyth"/>
        <entity2 rdf:resource="https://w3id.org/scholarlydata/person/barry-smyth"/>
        <relation>!=</relation>
        <measure rdf:datatype="http://www.w3.org/2001/XMLSchema#float">1.0</measure>
      </Cell>
    </map>
    <map>
      <Cell>
        <entity1 rdf:resource="https://w3id.org/scholarlydata/person/bridget-maher"/>
        <entity2 rdf:resource="https://w3id.org/scholarlydata/person/kevin-maher"/>
        <relation>!=</relation>
        <measure rdf:datatype="http://www.w3.org/2001/XMLSchema#float">1.0</measure>
      </Cell>
    </map>
    <map>
      <Cell>
        <entity1 rdf:resource="https://w3id.org/scholarlydata/person/jian-tao-sun"/>
        <entity2 rdf:resource="https://w3id.org/scholarlydata/person/gordon-sun"/>
        <relation>!=</relation>
        <measure rdf:datatype="http://www.w3.org/2001/XMLSchema#float">1.0</measure>
      </Cell>
    </map>
    <map>
      <Cell>
        <entity1 rdf:resource="https://w3id.org/scholarlydata/person/kai-uwe-sattler"/>
        <entity2 rdf:resource="https://w3id.org/scholarlydata/person/ulrike-sattler"/>
        <relation>!=</relation>
        <measure rdf:datatype="http://www.w3.org/2001/XMLSchema#float">1.0</measure>
      </Cell>
    </map>
    <map>
      <Cell>
        <entity1 rdf:resource="https://w3id.org/scholarlydata/person/su-myeon-kim"/>
        <entity2 rdf:resource="https://w3id.org/scholarlydata/person/hak-kim"/>
        <relation>!=</relation>
        <measure rdf:datatype="http://www.w3.org/2001/XMLSchema#float">1.0</measure>
      </Cell>
    </map>
    <map>
      <Cell>
        <entity1 rdf:resource="https://w3id.org/scholarlydata/person/simon-castillo"/>
        <entity2 rdf:resource="https://w3id.org/scholarlydata/person/carlos-castillo"/>
        <relation>!=</relation>
        <measure rdf:datatype="http://www.w3.org/2001/XMLSchema#float">1.0</measure>
      </Cell>
    </map>
    <map>
      <Cell>
        <entity1 rdf:resource="https://w3id.org/scholarlydata/person/thomas-schneider"/>
        <entity2 rdf:resource="https://w3id.org/scholarlydata/person/patrik-schneider"/>
        <relation>!=</relation>
        <measure rdf:datatype="http://www.w3.org/2001/XMLSchema#float">1.0</measure>
      </Cell>
    </map>
    <map>
      <Cell>
        <entity1 rdf:resource="https://w3id.org/scholarlydata/person/ljiljana-stojanovic"/>
        <entity2 rdf:resource="https://w3id.org/scholarlydata/person/nenad-stojanovic"/>
        <relation>!=</relation>
        <measure rdf:datatype="http://www.w3.org/2001/XMLSchema#float">1.0</measure>
      </Cell>
    </map>
    <map>
      <Cell>
        <entity1 rdf:resource="https://w3id.org/scholarlydata/person/haklae-kim"/>
        <entity2 rdf:resource="https://w3id.org/scholarlydata/person/hyunsun-kim"/>
        <relation>!=</relation>
        <measure rdf:datatype="http://www.w3.org/2001/XMLSchema#float">1.0</measure>
      </Cell>
    </map>
    <map>
      <Cell>
        <entity1 rdf:resource="https://w3id.org/scholarlydata/person/soumen-chakrabarti"/>
        <entity2 rdf:resource="https://w3id.org/scholarlydata/person/kaushik-chakrabarti"/>
        <relation>!=</relation>
        <measure rdf:datatype="http://www.w3.org/2001/XMLSchema#float">1.0</measure>
      </Cell>
    </map>
    <map>
      <Cell>
        <entity1 rdf:resource="https://w3id.org/scholarlydata/person/nigel-r-shadbolt"/>
        <entity2 rdf:resource="https://w3id.org/scholarlydata/person/james-hendler"/>
        <relation>!=</relation>
        <measure rdf:datatype="http://www.w3.org/2001/XMLSchema#float">1.0</measure>
      </Cell>
    </map>
    <map>
      <Cell>
        <entity1 rdf:resource="https://w3id.org/scholarlydata/person/yang-song"/>
        <entity2 rdf:resource="https://w3id.org/scholarlydata/person/fuqi-song"/>
        <relation>!=</relation>
        <measure rdf:datatype="http://www.w3.org/2001/XMLSchema#float">1.0</measure>
      </Cell>
    </map>
    <map>
      <Cell>
        <entity1 rdf:resource="https://w3id.org/scholarlydata/person/xin-fan"/>
        <entity2 rdf:resource="https://w3id.org/scholarlydata/person/wei-fan"/>
        <relation>!=</relation>
        <measure rdf:datatype="http://www.w3.org/2001/XMLSchema#float">1.0</measure>
      </Cell>
    </map>
    <map>
      <Cell>
        <entity1 rdf:resource="https://w3id.org/scholarlydata/person/jia-tao"/>
        <entity2 rdf:resource="https://w3id.org/scholarlydata/person/shu-tao"/>
        <relation>!=</relation>
        <measure rdf:datatype="http://www.w3.org/2001/XMLSchema#float">1.0</measure>
      </Cell>
    </map>
    <map>
      <Cell>
        <entity1 rdf:resource="https://w3id.org/scholarlydata/person/xuxian-jiang"/>
        <entity2 rdf:resource="https://w3id.org/scholarlydata/person/xueyan-jiang"/>
        <relation>!=</relation>
        <measure rdf:datatype="http://www.w3.org/2001/XMLSchema#float">1.0</measure>
      </Cell>
    </map>
    <map>
      <Cell>
        <entity1 rdf:resource="https://w3id.org/scholarlydata/person/andre-freitas"/>
        <entity2 rdf:resource="https://w3id.org/scholarlydata/person/fred-freitas"/>
        <relation>!=</relation>
        <measure rdf:datatype="http://www.w3.org/2001/XMLSchema#float">1.0</measure>
      </Cell>
    </map>
    <map>
      <Cell>
        <entity1 rdf:resource="https://w3id.org/scholarlydata/person/xin-fan"/>
        <entity2 rdf:resource="https://w3id.org/scholarlydata/person/james-fan"/>
        <relation>!=</relation>
        <measure rdf:datatype="http://www.w3.org/2001/XMLSchema#float">1.0</measure>
      </Cell>
    </map>
    <map>
      <Cell>
        <entity1 rdf:resource="https://w3id.org/scholarlydata/person/danilo-croce"/>
        <entity2 rdf:resource="https://w3id.org/scholarlydata/person/vincenzo-croce"/>
        <relation>!=</relation>
        <measure rdf:datatype="http://www.w3.org/2001/XMLSchema#float">1.0</measure>
      </Cell>
    </map>
    <map>
      <Cell>
        <entity1 rdf:resource="https://w3id.org/scholarlydata/person/sune-lehmann"/>
        <entity2 rdf:resource="https://w3id.org/scholarlydata/person/janette-lehmann"/>
        <relation>!=</relation>
        <measure rdf:datatype="http://www.w3.org/2001/XMLSchema#float">1.0</measure>
      </Cell>
    </map>
    <map>
      <Cell>
        <entity1 rdf:resource="https://w3id.org/scholarlydata/person/marcos-goncalves"/>
        <entity2 rdf:resource="https://w3id.org/scholarlydata/person/bruno-goncalves"/>
        <relation>!=</relation>
        <measure rdf:datatype="http://www.w3.org/2001/XMLSchema#float">1.0</measure>
      </Cell>
    </map>
    <map>
      <Cell>
        <entity1 rdf:resource="https://w3id.org/scholarlydata/person/helena-sofia-pinto"/>
        <entity2 rdf:resource="https://w3id.org/scholarlydata/person/alexandre-miguel-pinto"/>
        <relation>!=</relation>
        <measure rdf:datatype="http://www.w3.org/2001/XMLSchema#float">1.0</measure>
      </Cell>
    </map>
    <map>
      <Cell>
        <entity1 rdf:resource="https://w3id.org/scholarlydata/person/prabhakar-raghavan"/>
        <entity2 rdf:resource="https://w3id.org/scholarlydata/person/hema-raghavan"/>
        <relation>!=</relation>
        <measure rdf:datatype="http://www.w3.org/2001/XMLSchema#float">1.0</measure>
      </Cell>
    </map>
    <map>
      <Cell>
        <entity1 rdf:resource="https://w3id.org/scholarlydata/person/juan-a-recio-garcia"/>
        <entity2 rdf:resource="https://w3id.org/scholarlydata/person/roberto-garcia"/>
        <relation>!=</relation>
        <measure rdf:datatype="http://www.w3.org/2001/XMLSchema#float">1.0</measure>
      </Cell>
    </map>
    <map>
      <Cell>
        <entity1 rdf:resource="https://w3id.org/scholarlydata/person/dave-lewis"/>
        <entity2 rdf:resource="https://w3id.org/scholarlydata/person/neal-lewis"/>
        <relation>!=</relation>
        <measure rdf:datatype="http://www.w3.org/2001/XMLSchema#float">1.0</measure>
      </Cell>
    </map>
    <map>
      <Cell>
        <entity1 rdf:resource="https://w3id.org/scholarlydata/person/brian-davis"/>
        <entity2 rdf:resource="https://w3id.org/scholarlydata/person/hugh-c-davis"/>
        <relation>!=</relation>
        <measure rdf:datatype="http://www.w3.org/2001/XMLSchema#float">1.0</measure>
      </Cell>
    </map>
    <map>
      <Cell>
        <entity1 rdf:resource="https://w3id.org/scholarlydata/person/yang-song"/>
        <entity2 rdf:resource="https://w3id.org/scholarlydata/person/shuangyong-song"/>
        <relation>!=</relation>
        <measure rdf:datatype="http://www.w3.org/2001/XMLSchema#float">1.0</measure>
      </Cell>
    </map>
    <map>
      <Cell>
        <entity1 rdf:resource="https://w3id.org/scholarlydata/person/deepayan-chakrabarti"/>
        <entity2 rdf:resource="https://w3id.org/scholarlydata/person/soumen-chakrabarti"/>
        <relation>!=</relation>
        <measure rdf:datatype="http://www.w3.org/2001/XMLSchema#float">1.0</measure>
      </Cell>
    </map>
    <map>
      <Cell>
        <entity1 rdf:resource="https://w3id.org/scholarlydata/person/pablo-n-mendes"/>
        <entity2 rdf:resource="https://w3id.org/scholarlydata/person/emilia-mendes"/>
        <relation>!=</relation>
        <measure rdf:datatype="http://www.w3.org/2001/XMLSchema#float">1.0</measure>
      </Cell>
    </map>
    <map>
      <Cell>
        <entity1 rdf:resource="https://w3id.org/scholarlydata/person/amit-singh"/>
        <entity2 rdf:resource="https://w3id.org/scholarlydata/person/jatinder-singh"/>
        <relation>!=</relation>
        <measure rdf:datatype="http://www.w3.org/2001/XMLSchema#float">1.0</measure>
      </Cell>
    </map>
    <map>
      <Cell>
        <entity1 rdf:resource="https://w3id.org/scholarlydata/person/deepayan-chakrabarti"/>
        <entity2 rdf:resource="https://w3id.org/scholarlydata/person/kaushik-chakrabarti"/>
        <relation>!=</relation>
        <measure rdf:datatype="http://www.w3.org/2001/XMLSchema#float">1.0</measure>
      </Cell>
    </map>
    <map>
      <Cell>
        <entity1 rdf:resource="https://w3id.org/scholarlydata/person/yang-song"/>
        <entity2 rdf:resource="https://w3id.org/scholarlydata/person/ruihua-song"/>
        <relation>!=</relation>
        <measure rdf:datatype="http://www.w3.org/2001/XMLSchema#float">1.0</measure>
      </Cell>
    </map>
    <map>
      <Cell>
        <entity1 rdf:resource="https://w3id.org/scholarlydata/person/carlos-a-iglesias"/>
        <entity2 rdf:resource="https://w3id.org/scholarlydata/person/miguel-iglesias"/>
        <relation>!=</relation>
        <measure rdf:datatype="http://www.w3.org/2001/XMLSchema#float">1.0</measure>
      </Cell>
    </map>
    <map>
      <Cell>
        <entity1 rdf:resource="https://w3id.org/scholarlydata/person/arun-kumar"/>
        <entity2 rdf:resource="https://w3id.org/scholarlydata/person/vikash-kumar"/>
        <relation>!=</relation>
        <measure rdf:datatype="http://www.w3.org/2001/XMLSchema#float">1.0</measure>
      </Cell>
    </map>
    <map>
      <Cell>
        <entity1 rdf:resource="https://w3id.org/scholarlydata/person/tao-sun"/>
        <entity2 rdf:resource="https://w3id.org/scholarlydata/person/jian-tao-sun"/>
        <relation>!=</relation>
        <measure rdf:datatype="http://www.w3.org/2001/XMLSchema#float">1.0</measure>
      </Cell>
    </map>
    <map>
      <Cell>
        <entity1 rdf:resource="https://w3id.org/scholarlydata/person/wook-shin-han"/>
        <entity2 rdf:resource="https://w3id.org/scholarlydata/person/jiawei-han"/>
        <relation>!=</relation>
        <measure rdf:datatype="http://www.w3.org/2001/XMLSchema#float">1.0</measure>
      </Cell>
    </map>
    <map>
      <Cell>
        <entity1 rdf:resource="https://w3id.org/scholarlydata/person/yunhua-hu"/>
        <entity2 rdf:resource="https://w3id.org/scholarlydata/person/xia-hu"/>
        <relation>!=</relation>
        <measure rdf:datatype="http://www.w3.org/2001/XMLSchema#float">1.0</measure>
      </Cell>
    </map>
    <map>
      <Cell>
        <entity1 rdf:resource="https://w3id.org/scholarlydata/person/patrik-schneider"/>
        <entity2 rdf:resource="https://w3id.org/scholarlydata/person/thomas-schneider"/>
        <relation>!=</relation>
        <measure rdf:datatype="http://www.w3.org/2001/XMLSchema#float">1.0</measure>
      </Cell>
    </map>
    <map>
      <Cell>
        <entity1 rdf:resource="https://w3id.org/scholarlydata/person/alexandre-miguel-pinto"/>
        <entity2 rdf:resource="https://w3id.org/scholarlydata/person/h-sofia-pinto"/>
        <relation>!=</relation>
        <measure rdf:datatype="http://www.w3.org/2001/XMLSchema#float">1.0</measure>
      </Cell>
    </map>
    <map>
      <Cell>
        <entity1 rdf:resource="https://w3id.org/scholarlydata/person/jose-maria-garcia"/>
        <entity2 rdf:resource="https://w3id.org/scholarlydata/person/roberto-garcia"/>
        <relation>!=</relation>
        <measure rdf:datatype="http://www.w3.org/2001/XMLSchema#float">1.0</measure>
      </Cell>
    </map>
    <map>
      <Cell>
        <entity1 rdf:resource="https://w3id.org/scholarlydata/person/charles-clarke"/>
        <entity2 rdf:resource="https://w3id.org/scholarlydata/person/chris-clarke"/>
        <relation>!=</relation>
        <measure rdf:datatype="http://www.w3.org/2001/XMLSchema#float">1.0</measure>
      </Cell>
    </map>
    <map>
      <Cell>
        <entity1 rdf:resource="https://w3id.org/scholarlydata/person/maria-vanina-martinez"/>
        <entity2 rdf:resource="https://w3id.org/scholarlydata/person/kirk-martinez"/>
        <relation>!=</relation>
        <measure rdf:datatype="http://www.w3.org/2001/XMLSchema#float">1.0</measure>
      </Cell>
    </map>
    <map>
      <Cell>
        <entity1 rdf:resource="https://w3id.org/scholarlydata/person/manuel-fernandez"/>
        <entity2 rdf:resource="https://w3id.org/scholarlydata/person/miriam-fernandez"/>
        <relation>!=</relation>
        <measure rdf:datatype="http://www.w3.org/2001/XMLSchema#float">1.0</measure>
      </Cell>
    </map>
    <map>
      <Cell>
        <entity1 rdf:resource="https://w3id.org/scholarlydata/person/amit-singh"/>
        <entity2 rdf:resource="https://w3id.org/scholarlydata/person/kapil-singh"/>
        <relation>!=</relation>
        <measure rdf:datatype="http://www.w3.org/2001/XMLSchema#float">1.0</measure>
      </Cell>
    </map>
    <map>
      <Cell>
        <entity1 rdf:resource="https://w3id.org/scholarlydata/person/petros-fafalios"/>
        <entity2 rdf:resource="https://w3id.org/scholarlydata/person/pavlos-fafalios"/>
        <relation>!=</relation>
        <measure rdf:datatype="http://www.w3.org/2001/XMLSchema#float">1.0</measure>
      </Cell>
    </map>
    <map>
      <Cell>
        <entity1 rdf:resource="https://w3id.org/scholarlydata/person/beibei-hu"/>
        <entity2 rdf:resource="https://w3id.org/scholarlydata/person/yunhua-hu"/>
        <relation>!=</relation>
        <measure rdf:datatype="http://www.w3.org/2001/XMLSchema#float">1.0</measure>
      </Cell>
    </map>
    <map>
      <Cell>
        <entity1 rdf:resource="https://w3id.org/scholarlydata/person/chengzheng-sun"/>
        <entity2 rdf:resource="https://w3id.org/scholarlydata/person/gordon-sun"/>
        <relation>!=</relation>
        <measure rdf:datatype="http://www.w3.org/2001/XMLSchema#float">1.0</measure>
      </Cell>
    </map>
    <map>
      <Cell>
        <entity1 rdf:resource="https://w3id.org/scholarlydata/person/andy-shin"/>
        <entity2 rdf:resource="https://w3id.org/scholarlydata/person/suengwon-shin"/>
        <relation>!=</relation>
        <measure rdf:datatype="http://www.w3.org/2001/XMLSchema#float">1.0</measure>
      </Cell>
    </map>
    <map>
      <Cell>
        <entity1 rdf:resource="https://w3id.org/scholarlydata/person/yuzuru-tanaka"/>
        <entity2 rdf:resource="https://w3id.org/scholarlydata/person/katsumi-tanaka"/>
        <relation>!=</relation>
        <measure rdf:datatype="http://www.w3.org/2001/XMLSchema#float">1.0</measure>
      </Cell>
    </map>
    <map>
      <Cell>
        <entity1 rdf:resource="https://w3id.org/scholarlydata/person/yun-chi"/>
        <entity2 rdf:resource="https://w3id.org/scholarlydata/person/ed-h-chi"/>
        <relation>!=</relation>
        <measure rdf:datatype="http://www.w3.org/2001/XMLSchema#float">1.0</measure>
      </Cell>
    </map>
    <map>
      <Cell>
        <entity1 rdf:resource="https://w3id.org/scholarlydata/person/yunhua-hu"/>
        <entity2 rdf:resource="https://w3id.org/scholarlydata/person/beibei-hu"/>
        <relation>!=</relation>
        <measure rdf:datatype="http://www.w3.org/2001/XMLSchema#float">1.0</measure>
      </Cell>
    </map>
    <map>
      <Cell>
        <entity1 rdf:resource="https://w3id.org/scholarlydata/person/xia-hu"/>
        <entity2 rdf:resource="https://w3id.org/scholarlydata/person/yunhua-hu"/>
        <relation>!=</relation>
        <measure rdf:datatype="http://www.w3.org/2001/XMLSchema#float">1.0</measure>
      </Cell>
    </map>
    <map>
      <Cell>
        <entity1 rdf:resource="https://w3id.org/scholarlydata/person/mark-sandler"/>
        <entity2 rdf:resource="https://w3id.org/scholarlydata/person/roman-sandler"/>
        <relation>!=</relation>
        <measure rdf:datatype="http://www.w3.org/2001/XMLSchema#float">1.0</measure>
      </Cell>
    </map>
    <map>
      <Cell>
        <entity1 rdf:resource="https://w3id.org/scholarlydata/person/carolina-fortuna"/>
        <entity2 rdf:resource="https://w3id.org/scholarlydata/person/blaz-fortuna"/>
        <relation>!=</relation>
        <measure rdf:datatype="http://www.w3.org/2001/XMLSchema#float">1.0</measure>
      </Cell>
    </map>
    <map>
      <Cell>
        <entity1 rdf:resource="https://w3id.org/scholarlydata/person/aman-goel"/>
        <entity2 rdf:resource="https://w3id.org/scholarlydata/person/ashish-goel"/>
        <relation>!=</relation>
        <measure rdf:datatype="http://www.w3.org/2001/XMLSchema#float">1.0</measure>
      </Cell>
    </map>
    <map>
      <Cell>
        <entity1 rdf:resource="https://w3id.org/scholarlydata/person/joao-castro"/>
        <entity2 rdf:resource="https://w3id.org/scholarlydata/person/harold-castro"/>
        <relation>!=</relation>
        <measure rdf:datatype="http://www.w3.org/2001/XMLSchema#float">1.0</measure>
      </Cell>
    </map>
    <map>
      <Cell>
        <entity1 rdf:resource="https://w3id.org/scholarlydata/person/andreas-wagner"/>
        <entity2 rdf:resource="https://w3id.org/scholarlydata/person/florian-wagner"/>
        <relation>!=</relation>
        <measure rdf:datatype="http://www.w3.org/2001/XMLSchema#float">1.0</measure>
      </Cell>
    </map>
    <map>
      <Cell>
        <entity1 rdf:resource="https://w3id.org/scholarlydata/person/su-nam-kim"/>
        <entity2 rdf:resource="https://w3id.org/scholarlydata/person/hak-kim"/>
        <relation>!=</relation>
        <measure rdf:datatype="http://www.w3.org/2001/XMLSchema#float">1.0</measure>
      </Cell>
    </map>
    <map>
      <Cell>
        <entity1 rdf:resource="https://w3id.org/scholarlydata/person/tobias-kuhn"/>
        <entity2 rdf:resource="https://w3id.org/scholarlydata/person/werner-kuhn"/>
        <relation>!=</relation>
        <measure rdf:datatype="http://www.w3.org/2001/XMLSchema#float">1.0</measure>
      </Cell>
    </map>
    <map>
      <Cell>
        <entity1 rdf:resource="https://w3id.org/scholarlydata/person/barry-smyth"/>
        <entity2 rdf:resource="https://w3id.org/scholarlydata/person/maria-smyth"/>
        <relation>!=</relation>
        <measure rdf:datatype="http://www.w3.org/2001/XMLSchema#float">1.0</measure>
      </Cell>
    </map>
    <map>
      <Cell>
        <entity1 rdf:resource="https://w3id.org/scholarlydata/person/su-myeon-kim"/>
        <entity2 rdf:resource="https://w3id.org/scholarlydata/person/su-nam-kim"/>
        <relation>!=</relation>
        <measure rdf:datatype="http://www.w3.org/2001/XMLSchema#float">1.0</measure>
      </Cell>
    </map>
    <map>
      <Cell>
        <entity1 rdf:resource="https://w3id.org/scholarlydata/person/xueyan-jiang"/>
        <entity2 rdf:resource="https://w3id.org/scholarlydata/person/jingtian-jiang"/>
        <relation>!=</relation>
        <measure rdf:datatype="http://www.w3.org/2001/XMLSchema#float">1.0</measure>
      </Cell>
    </map>
    <map>
      <Cell>
        <entity1 rdf:resource="https://w3id.org/scholarlydata/person/shuangyong-song"/>
        <entity2 rdf:resource="https://w3id.org/scholarlydata/person/fuqi-song"/>
        <relation>!=</relation>
        <measure rdf:datatype="http://www.w3.org/2001/XMLSchema#float">1.0</measure>
      </Cell>
    </map>
    <map>
      <Cell>
        <entity1 rdf:resource="https://w3id.org/scholarlydata/person/daniel-gerber"/>
        <entity2 rdf:resource="https://w3id.org/scholarlydata/person/alexandre-gerber"/>
        <relation>!=</relation>
        <measure rdf:datatype="http://www.w3.org/2001/XMLSchema#float">1.0</measure>
      </Cell>
    </map>
    <map>
      <Cell>
        <entity1 rdf:resource="https://w3id.org/scholarlydata/person/wook-shin-han"/>
        <entity2 rdf:resource="https://w3id.org/scholarlydata/person/dingyi-han"/>
        <relation>!=</relation>
        <measure rdf:datatype="http://www.w3.org/2001/XMLSchema#float">1.0</measure>
      </Cell>
    </map>
    <map>
      <Cell>
        <entity1 rdf:resource="https://w3id.org/scholarlydata/person/daxin-jiang"/>
        <entity2 rdf:resource="https://w3id.org/scholarlydata/person/jingtian-jiang"/>
        <relation>!=</relation>
        <measure rdf:datatype="http://www.w3.org/2001/XMLSchema#float">1.0</measure>
      </Cell>
    </map>
    <map>
      <Cell>
        <entity1 rdf:resource="https://w3id.org/scholarlydata/person/vincent-michel"/>
        <entity2 rdf:resource="https://w3id.org/scholarlydata/person/felix-michel"/>
        <relation>!=</relation>
        <measure rdf:datatype="http://www.w3.org/2001/XMLSchema#float">1.0</measure>
      </Cell>
    </map>
    <map>
      <Cell>
        <entity1 rdf:resource="https://w3id.org/scholarlydata/person/joseph-davis"/>
        <entity2 rdf:resource="https://w3id.org/scholarlydata/person/hugh-c-davis"/>
        <relation>!=</relation>
        <measure rdf:datatype="http://www.w3.org/2001/XMLSchema#float">1.0</measure>
      </Cell>
    </map>
    <map>
      <Cell>
        <entity1 rdf:resource="https://w3id.org/scholarlydata/person/shenghua-bao"/>
        <entity2 rdf:resource="https://w3id.org/scholarlydata/person/jie-bao"/>
        <relation>!=</relation>
        <measure rdf:datatype="http://www.w3.org/2001/XMLSchema#float">1.0</measure>
      </Cell>
    </map>
    <map>
      <Cell>
        <entity1 rdf:resource="https://w3id.org/scholarlydata/person/ross-king"/>
        <entity2 rdf:resource="https://w3id.org/scholarlydata/person/irwin-king"/>
        <relation>!=</relation>
        <measure rdf:datatype="http://www.w3.org/2001/XMLSchema#float">1.0</measure>
      </Cell>
    </map>
    <map>
      <Cell>
        <entity1 rdf:resource="https://w3id.org/scholarlydata/person/lei-tang"/>
        <entity2 rdf:resource="https://w3id.org/scholarlydata/person/jie-tang"/>
        <relation>!=</relation>
        <measure rdf:datatype="http://www.w3.org/2001/XMLSchema#float">1.0</measure>
      </Cell>
    </map>
    <map>
      <Cell>
        <entity1 rdf:resource="https://w3id.org/scholarlydata/person/xuehua-shen"/>
        <entity2 rdf:resource="https://w3id.org/scholarlydata/person/dou-shen"/>
        <relation>!=</relation>
        <measure rdf:datatype="http://www.w3.org/2001/XMLSchema#float">1.0</measure>
      </Cell>
    </map>
    <map>
      <Cell>
        <entity1 rdf:resource="https://w3id.org/scholarlydata/person/haijie-gu"/>
        <entity2 rdf:resource="https://w3id.org/scholarlydata/person/guofei-gu"/>
        <relation>!=</relation>
        <measure rdf:datatype="http://www.w3.org/2001/XMLSchema#float">1.0</measure>
      </Cell>
    </map>
    <map>
      <Cell>
        <entity1 rdf:resource="https://w3id.org/scholarlydata/person/makoto-p-kato"/>
        <entity2 rdf:resource="https://w3id.org/scholarlydata/person/ayumi-kato"/>
        <relation>!=</relation>
        <measure rdf:datatype="http://www.w3.org/2001/XMLSchema#float">1.0</measure>
      </Cell>
    </map>
    <map>
      <Cell>
        <entity1 rdf:resource="https://w3id.org/scholarlydata/person/haklae-kim"/>
        <entity2 rdf:resource="https://w3id.org/scholarlydata/person/su-nam-kim"/>
        <relation>!=</relation>
        <measure rdf:datatype="http://www.w3.org/2001/XMLSchema#float">1.0</measure>
      </Cell>
    </map>
    <map>
      <Cell>
        <entity1 rdf:resource="https://w3id.org/scholarlydata/person/carlos-rodriguez"/>
        <entity2 rdf:resource="https://w3id.org/scholarlydata/person/andrea-rodriguez"/>
        <relation>!=</relation>
        <measure rdf:datatype="http://www.w3.org/2001/XMLSchema#float">1.0</measure>
      </Cell>
    </map>
    <map>
      <Cell>
        <entity1 rdf:resource="https://w3id.org/scholarlydata/person/rolf-stadler"/>
        <entity2 rdf:resource="https://w3id.org/scholarlydata/person/claus-stadler"/>
        <relation>!=</relation>
        <measure rdf:datatype="http://www.w3.org/2001/XMLSchema#float">1.0</measure>
      </Cell>
    </map>
    <map>
      <Cell>
        <entity1 rdf:resource="https://w3id.org/scholarlydata/person/frederik-janssen"/>
        <entity2 rdf:resource="https://w3id.org/scholarlydata/person/jeroen-janssen"/>
        <relation>!=</relation>
        <measure rdf:datatype="http://www.w3.org/2001/XMLSchema#float">1.0</measure>
      </Cell>
    </map>
    <map>
      <Cell>
        <entity1 rdf:resource="https://w3id.org/scholarlydata/person/nuria-oliver"/>
        <entity2 rdf:resource="https://w3id.org/scholarlydata/person/silver-oliver"/>
        <relation>!=</relation>
        <measure rdf:datatype="http://www.w3.org/2001/XMLSchema#float">1.0</measure>
      </Cell>
    </map>
    <map>
      <Cell>
        <entity1 rdf:resource="https://w3id.org/scholarlydata/person/yi-dong-shen"/>
        <entity2 rdf:resource="https://w3id.org/scholarlydata/person/xuehua-shen"/>
        <relation>!=</relation>
        <measure rdf:datatype="http://www.w3.org/2001/XMLSchema#float">1.0</measure>
      </Cell>
    </map>
    <map>
      <Cell>
        <entity1 rdf:resource="https://w3id.org/scholarlydata/person/grigoris-antoniou"/>
        <entity2 rdf:resource="https://w3id.org/scholarlydata/person/ioannis-antoniou"/>
        <relation>!=</relation>
        <measure rdf:datatype="http://www.w3.org/2001/XMLSchema#float">1.0</measure>
      </Cell>
    </map>
    <map>
      <Cell>
        <entity1 rdf:resource="https://w3id.org/scholarlydata/person/claudia-lehmann"/>
        <entity2 rdf:resource="https://w3id.org/scholarlydata/person/franz-lehmann"/>
        <relation>!=</relation>
        <measure rdf:datatype="http://www.w3.org/2001/XMLSchema#float">1.0</measure>
      </Cell>
    </map>
    <map>
      <Cell>
        <entity1 rdf:resource="https://w3id.org/scholarlydata/person/ryan-h-choi"/>
        <entity2 rdf:resource="https://w3id.org/scholarlydata/person/yejin-choi"/>
        <relation>!=</relation>
        <measure rdf:datatype="http://www.w3.org/2001/XMLSchema#float">1.0</measure>
      </Cell>
    </map>
    <map>
      <Cell>
        <entity1 rdf:resource="https://w3id.org/scholarlydata/person/chengzheng-sun"/>
        <entity2 rdf:resource="https://w3id.org/scholarlydata/person/aixin-sun"/>
        <relation>!=</relation>
        <measure rdf:datatype="http://www.w3.org/2001/XMLSchema#float">1.0</measure>
      </Cell>
    </map>
    <map>
      <Cell>
        <entity1 rdf:resource="https://w3id.org/scholarlydata/person/vincenzo-croce"/>
        <entity2 rdf:resource="https://w3id.org/scholarlydata/person/danilo-croce"/>
        <relation>!=</relation>
        <measure rdf:datatype="http://www.w3.org/2001/XMLSchema#float">1.0</measure>
      </Cell>
    </map>
    <map>
      <Cell>
        <entity1 rdf:resource="https://w3id.org/scholarlydata/person/eric-charlton"/>
        <entity2 rdf:resource="https://w3id.org/scholarlydata/person/stuart-charlton"/>
        <relation>!=</relation>
        <measure rdf:datatype="http://www.w3.org/2001/XMLSchema#float">1.0</measure>
      </Cell>
    </map>
    <map>
      <Cell>
        <entity1 rdf:resource="https://w3id.org/scholarlydata/person/james-hendler"/>
        <entity2 rdf:resource="https://w3id.org/scholarlydata/person/nigel-shadbolt"/>
        <relation>!=</relation>
        <measure rdf:datatype="http://www.w3.org/2001/XMLSchema#float">1.0</measure>
      </Cell>
    </map>
    <map>
      <Cell>
        <entity1 rdf:resource="https://w3id.org/scholarlydata/person/nish-parikh"/>
        <entity2 rdf:resource="https://w3id.org/scholarlydata/person/harshil-parikh"/>
        <relation>!=</relation>
        <measure rdf:datatype="http://www.w3.org/2001/XMLSchema#float">1.0</measure>
      </Cell>
    </map>
    <map>
      <Cell>
        <entity1 rdf:resource="https://w3id.org/scholarlydata/person/kirk-martinez"/>
        <entity2 rdf:resource="https://w3id.org/scholarlydata/person/maria-vanina-martinez"/>
        <relation>!=</relation>
        <measure rdf:datatype="http://www.w3.org/2001/XMLSchema#float">1.0</measure>
      </Cell>
    </map>
    <map>
      <Cell>
        <entity1 rdf:resource="https://w3id.org/scholarlydata/person/matthias-wagner"/>
        <entity2 rdf:resource="https://w3id.org/scholarlydata/person/claudia-wagner"/>
        <relation>!=</relation>
        <measure rdf:datatype="http://www.w3.org/2001/XMLSchema#float">1.0</measure>
      </Cell>
    </map>
    <map>
      <Cell>
        <entity1 rdf:resource="https://w3id.org/scholarlydata/person/rajeev-rastogi"/>
        <entity2 rdf:resource="https://w3id.org/scholarlydata/person/vibhor-rastogi"/>
        <relation>!=</relation>
        <measure rdf:datatype="http://www.w3.org/2001/XMLSchema#float">1.0</measure>
      </Cell>
    </map>
    <map>
      <Cell>
        <entity1 rdf:resource="https://w3id.org/scholarlydata/person/aixin-sun"/>
        <entity2 rdf:resource="https://w3id.org/scholarlydata/person/jian-tao-sun"/>
        <relation>!=</relation>
        <measure rdf:datatype="http://www.w3.org/2001/XMLSchema#float">1.0</measure>
      </Cell>
    </map>
    <map>
      <Cell>
        <entity1 rdf:resource="https://w3id.org/scholarlydata/person/khoi-nguyen-tran"/>
        <entity2 rdf:resource="https://w3id.org/scholarlydata/person/thanh-tran"/>
        <relation>!=</relation>
        <measure rdf:datatype="http://www.w3.org/2001/XMLSchema#float">1.0</measure>
      </Cell>
    </map>
    <map>
      <Cell>
        <entity1 rdf:resource="https://w3id.org/scholarlydata/person/amit-singh"/>
        <entity2 rdf:resource="https://w3id.org/scholarlydata/person/gyanit-singh"/>
        <relation>!=</relation>
        <measure rdf:datatype="http://www.w3.org/2001/XMLSchema#float">1.0</measure>
      </Cell>
    </map>
    <map>
      <Cell>
        <entity1 rdf:resource="https://w3id.org/scholarlydata/person/xu-ren"/>
        <entity2 rdf:resource="https://w3id.org/scholarlydata/person/yuan-ren"/>
        <relation>!=</relation>
        <measure rdf:datatype="http://www.w3.org/2001/XMLSchema#float">1.0</measure>
      </Cell>
    </map>
    <map>
      <Cell>
        <entity1 rdf:resource="https://w3id.org/scholarlydata/person/stephen-clark"/>
        <entity2 rdf:resource="https://w3id.org/scholarlydata/person/kendall-clark"/>
        <relation>!=</relation>
        <measure rdf:datatype="http://www.w3.org/2001/XMLSchema#float">1.0</measure>
      </Cell>
    </map>
    <map>
      <Cell>
        <entity1 rdf:resource="https://w3id.org/scholarlydata/person/florian-wagner"/>
        <entity2 rdf:resource="https://w3id.org/scholarlydata/person/claudia-wagner"/>
        <relation>!=</relation>
        <measure rdf:datatype="http://www.w3.org/2001/XMLSchema#float">1.0</measure>
      </Cell>
    </map>
    <map>
      <Cell>
        <entity1 rdf:resource="https://w3id.org/scholarlydata/person/guoqian-jiang"/>
        <entity2 rdf:resource="https://w3id.org/scholarlydata/person/jingtian-jiang"/>
        <relation>!=</relation>
        <measure rdf:datatype="http://www.w3.org/2001/XMLSchema#float">1.0</measure>
      </Cell>
    </map>
    <map>
      <Cell>
        <entity1 rdf:resource="https://w3id.org/scholarlydata/person/hak-kim"/>
        <entity2 rdf:resource="https://w3id.org/scholarlydata/person/su-myeon-kim"/>
        <relation>!=</relation>
        <measure rdf:datatype="http://www.w3.org/2001/XMLSchema#float">1.0</measure>
      </Cell>
    </map>
    <map>
      <Cell>
        <entity1 rdf:resource="https://w3id.org/scholarlydata/person/jose-manuel-gomez-perez"/>
        <entity2 rdf:resource="https://w3id.org/scholarlydata/person/asuncion-gomez-perez"/>
        <relation>!=</relation>
        <measure rdf:datatype="http://www.w3.org/2001/XMLSchema#float">1.0</measure>
      </Cell>
    </map>
    <map>
      <Cell>
        <entity1 rdf:resource="https://w3id.org/scholarlydata/person/diego-torres"/>
        <entity2 rdf:resource="https://w3id.org/scholarlydata/person/marcos-torres"/>
        <relation>!=</relation>
        <measure rdf:datatype="http://www.w3.org/2001/XMLSchema#float">1.0</measure>
      </Cell>
    </map>
    <map>
      <Cell>
        <entity1 rdf:resource="https://w3id.org/scholarlydata/person/rachana-pandey"/>
        <entity2 rdf:resource="https://w3id.org/scholarlydata/person/sandeep-pandey"/>
        <relation>!=</relation>
        <measure rdf:datatype="http://www.w3.org/2001/XMLSchema#float">1.0</measure>
      </Cell>
    </map>
    <map>
      <Cell>
        <entity1 rdf:resource="https://w3id.org/scholarlydata/person/fernando-diaz"/>
        <entity2 rdf:resource="https://w3id.org/scholarlydata/person/oscar-diaz"/>
        <relation>!=</relation>
        <measure rdf:datatype="http://www.w3.org/2001/XMLSchema#float">1.0</measure>
      </Cell>
    </map>
    <map>
      <Cell>
        <entity1 rdf:resource="https://w3id.org/scholarlydata/person/michael-schneider"/>
        <entity2 rdf:resource="https://w3id.org/scholarlydata/person/jodi-schneider"/>
        <relation>!=</relation>
        <measure rdf:datatype="http://www.w3.org/2001/XMLSchema#float">1.0</measure>
      </Cell>
    </map>
    <map>
      <Cell>
        <entity1 rdf:resource="https://w3id.org/scholarlydata/person/john-tang"/>
        <entity2 rdf:resource="https://w3id.org/scholarlydata/person/lei-tang"/>
        <relation>!=</relation>
        <measure rdf:datatype="http://www.w3.org/2001/XMLSchema#float">1.0</measure>
      </Cell>
    </map>
    <map>
      <Cell>
        <entity1 rdf:resource="https://w3id.org/scholarlydata/person/gyanit-singh"/>
        <entity2 rdf:resource="https://w3id.org/scholarlydata/person/kapil-singh"/>
        <relation>!=</relation>
        <measure rdf:datatype="http://www.w3.org/2001/XMLSchema#float">1.0</measure>
      </Cell>
    </map>
    <map>
      <Cell>
        <entity1 rdf:resource="https://w3id.org/scholarlydata/person/daxin-jiang"/>
        <entity2 rdf:resource="https://w3id.org/scholarlydata/person/guoqian-jiang"/>
        <relation>!=</relation>
        <measure rdf:datatype="http://www.w3.org/2001/XMLSchema#float">1.0</measure>
      </Cell>
    </map>
    <map>
      <Cell>
        <entity1 rdf:resource="https://w3id.org/scholarlydata/person/janette-lehmann"/>
        <entity2 rdf:resource="https://w3id.org/scholarlydata/person/sune-lehmann"/>
        <relation>!=</relation>
        <measure rdf:datatype="http://www.w3.org/2001/XMLSchema#float">1.0</measure>
      </Cell>
    </map>
    <map>
      <Cell>
        <entity1 rdf:resource="https://w3id.org/scholarlydata/person/jian-tao-sun"/>
        <entity2 rdf:resource="https://w3id.org/scholarlydata/person/chengzheng-sun"/>
        <relation>!=</relation>
        <measure rdf:datatype="http://www.w3.org/2001/XMLSchema#float">1.0</measure>
      </Cell>
    </map>
    <map>
      <Cell>
        <entity1 rdf:resource="https://w3id.org/scholarlydata/person/miles-osborne"/>
        <entity2 rdf:resource="https://w3id.org/scholarlydata/person/francesco-osborne"/>
        <relation>!=</relation>
        <measure rdf:datatype="http://www.w3.org/2001/XMLSchema#float">1.0</measure>
      </Cell>
    </map>
    <map>
      <Cell>
        <entity1 rdf:resource="https://w3id.org/scholarlydata/person/adrian-klein"/>
        <entity2 rdf:resource="https://w3id.org/scholarlydata/person/amit-klein"/>
        <relation>!=</relation>
        <measure rdf:datatype="http://www.w3.org/2001/XMLSchema#float">1.0</measure>
      </Cell>
    </map>
    <map>
      <Cell>
        <entity1 rdf:resource="https://w3id.org/scholarlydata/person/neal-lewis"/>
        <entity2 rdf:resource="https://w3id.org/scholarlydata/person/david-lewis"/>
        <relation>!=</relation>
        <measure rdf:datatype="http://www.w3.org/2001/XMLSchema#float">1.0</measure>
      </Cell>
    </map>
    <map>
      <Cell>
        <entity1 rdf:resource="https://w3id.org/scholarlydata/person/weisong-shi"/>
        <entity2 rdf:resource="https://w3id.org/scholarlydata/person/xiaolin-shi"/>
        <relation>!=</relation>
        <measure rdf:datatype="http://www.w3.org/2001/XMLSchema#float">1.0</measure>
      </Cell>
    </map>
    <map>
      <Cell>
        <entity1 rdf:resource="https://w3id.org/scholarlydata/person/chin-wan-chung"/>
        <entity2 rdf:resource="https://w3id.org/scholarlydata/person/jay-kuan-chieh-chung"/>
        <relation>!=</relation>
        <measure rdf:datatype="http://www.w3.org/2001/XMLSchema#float">1.0</measure>
      </Cell>
    </map>
    <map>
      <Cell>
        <entity1 rdf:resource="https://w3id.org/scholarlydata/person/xia-hu"/>
        <entity2 rdf:resource="https://w3id.org/scholarlydata/person/wei-hu"/>
        <relation>!=</relation>
        <measure rdf:datatype="http://www.w3.org/2001/XMLSchema#float">1.0</measure>
      </Cell>
    </map>
    <map>
      <Cell>
        <entity1 rdf:resource="https://w3id.org/scholarlydata/person/daxin-jiang"/>
        <entity2 rdf:resource="https://w3id.org/scholarlydata/person/jing-jiang"/>
        <relation>!=</relation>
        <measure rdf:datatype="http://www.w3.org/2001/XMLSchema#float">1.0</measure>
      </Cell>
    </map>
  </Alignment>
</rdf:RDF>
