<Interlink id="PER_manual">
  <LinkType>&lt;http://www.w3.org/2002/07/owl#sameAs&gt;</LinkType>
  <SourceDataset dataSource="source_per" var="a">
    <RestrictTo> </RestrictTo>
  </SourceDataset>
  <TargetDataset dataSource="target_per" var="b">
    <RestrictTo> </RestrictTo>
  </TargetDataset>
  <LinkageRule>
    <Aggregate id="unnamed_2" required="false" weight="1" type="max">
      <Compare id="unnamed_18" required="false" weight="1" metric="levenshteinDistance" threshold="2.5" indexing="true">
        <Input id="per_name" path="?a/&lt;http://scholarlydata.org/deduplication/per_name&gt;"/>
        <Input id="T_per_name" path="?b/&lt;http://scholarlydata.org/deduplication/per_name&gt;"/>
      </Compare>
      <Compare id="unnamed_20" required="false" weight="1" metric="levenshteinDistance" threshold="2.5" indexing="true">
        <Input id="per_from_org_name" path="?a/&lt;http://scholarlydata.org/deduplication/per_from_org_name&gt;"/>
        <Input id="T_per_from_org_name" path="?b/&lt;http://scholarlydata.org/deduplication/per_from_org_name&gt;"/>
      </Compare>
      <Compare id="unnamed_23" required="false" weight="1" metric="levenshteinDistance" threshold="3.0" indexing="true">
        <Input id="per_from_org_uri" path="?a/&lt;http://scholarlydata.org/deduplication/per_from_org_uri&gt;"/>
        <Input id="T_per_from_org_uri" path="?b/&lt;http://scholarlydata.org/deduplication/per_from_org_uri&gt;"/>
      </Compare>
      <Compare id="unnamed_26" required="false" weight="1" metric="levenshteinDistance" threshold="0.7947025289565315" indexing="true">
        <Input id="per_published_work_uri" path="?a/&lt;http://scholarlydata.org/deduplication/per_published_work_uri&gt;"/>
        <Input id="T_per_published_work_uri" path="?b/&lt;http://scholarlydata.org/deduplication/per_published_work_uri&gt;"/>
      </Compare>
      <Compare id="unnamed_29" required="false" weight="1" metric="levenshteinDistance" threshold="0.7947025289565315" indexing="true">
        <Input id="per_role_at_event_uri" path="?a/&lt;http://scholarlydata.org/deduplication/per_role_at_event_uri&gt;"/>
        <Input id="T_per_role_at_event_uri" path="?b/&lt;http://scholarlydata.org/deduplication/per_role_at_event_uri&gt;"/>
      </Compare>
      <Compare id="unnamed_32" required="false" weight="1" metric="levenshteinDistance" threshold="0.7947025289565315" indexing="true">
        <Input id="per_published_work_bow" path="?a/&lt;http://scholarlydata.org/deduplication/per_published_work_bow&gt;"/>
        <Input id="T_per_published_work_bow" path="?b/&lt;http://scholarlydata.org/deduplication/per_published_work_bow&gt;"/>
      </Compare>
      <Compare id="unnamed_36" required="false" weight="1" metric="levenshteinDistance" threshold="0.7947025289565315" indexing="true">
        <Input id="per_published_work_coauthor" path="?a/&lt;http://scholarlydata.org/deduplication/per_published_work_coauthor&gt;"/>
        <Input id="T_per_published_work_coauthor" path="?b/&lt;http://scholarlydata.org/deduplication/per_published_work_coauthor&gt;"/>
      </Compare>
      <Compare id="unnamed_4" required="false" weight="1" metric="levenshteinDistance" threshold="0.7947025289565315" indexing="true">
        <Input id="per_partecipated_event_uri" path="?a/&lt;http://scholarlydata.org/deduplication/per_partecipated_event_uri&gt;"/>
        <Input id="T_per_partecipated_event_uri" path="?b/&lt;http://scholarlydata.org/deduplication/per_partecipated_event_uri&gt;"/>
      </Compare>
    </Aggregate>
  </LinkageRule>
  <Filter/>
  <Outputs> </Outputs>
</Interlink>
