<Interlink id="per_name">
  <LinkType>&lt;http://www.w3.org/2002/07/owl#sameAs&gt;</LinkType>
  <SourceDataset dataSource="source_per" var="a">
    <RestrictTo> </RestrictTo>
  </SourceDataset>
  <TargetDataset dataSource="target_per" var="b">
    <RestrictTo> </RestrictTo>
  </TargetDataset>
  <LinkageRule>
    <Aggregate id="unnamed_5" required="false" weight="1" type="max">
      <Compare id="unnamed_4" required="false" weight="1" metric="levenshteinDistance" threshold="2.176870908762095" indexing="true">
        <Input id="unnamed_3" path="?b"/>
        <Input id="unnamed_2" path="?a"/>
      </Compare>
      <Compare id="unnamed_7" required="false" weight="1" metric="levenshteinDistance" threshold="0.6" indexing="true">
        <Input id="unnamed_6" path="?b/&lt;http://scholarlydata.org/deduplication/per_name&gt;"/>
        <Input id="unnamed_1" path="?a\&lt;http://scholarlydata.org/deduplication/per_name&gt;"/>
      </Compare>
    </Aggregate>
  </LinkageRule>
  <Filter/>
  <Outputs> </Outputs>
</Interlink>
