<rdf:RDF xmlns:align="http://knowledgeweb.semanticweb.org/heterogeneity/alignment#" xmlns:xsd="http://www.w3.org/2001/XMLSchema#" xmlns:rdf="http://www.w3.org/1999/02/22-rdf-syntax-ns#" xmlns="http://knowledgeweb.semanticweb.org/heterogeneity/alignment#">
  <Alignment>
    <map>
      <Cell>
        <entity1 rdf:resource="https://w3id.org/scholarlydata/person/pern-hui-chia"/>
        <entity2 rdf:resource="https://w3id.org/scholarlydata/person/pernhui-chia"/>
        <relation>=</relation>
        <measure rdf:datatype="http://www.w3.org/2001/XMLSchema#float">1.0</measure>
      </Cell>
    </map>
    <map>
      <Cell>
        <entity1 rdf:resource="https://w3id.org/scholarlydata/person/alfio-gliozzo"/>
        <entity2 rdf:resource="https://w3id.org/scholarlydata/person/alfio-massimiliano-gliozzo"/>
        <relation>=</relation>
        <measure rdf:datatype="http://www.w3.org/2001/XMLSchema#float">1.0</measure>
      </Cell>
    </map>
    <map>
      <Cell>
        <entity1 rdf:resource="https://w3id.org/scholarlydata/person/ryan-n-lichtenwalter"/>
        <entity2 rdf:resource="https://w3id.org/scholarlydata/person/ryann-lichtenwalter"/>
        <relation>=</relation>
        <measure rdf:datatype="http://www.w3.org/2001/XMLSchema#float">1.0</measure>
      </Cell>
    </map>
    <map>
      <Cell>
        <entity1 rdf:resource="https://w3id.org/scholarlydata/person/marco-casanova"/>
        <entity2 rdf:resource="https://w3id.org/scholarlydata/person/marco-a.-casanova"/>
        <relation>=</relation>
        <measure rdf:datatype="http://www.w3.org/2001/XMLSchema#float">1.0</measure>
      </Cell>
    </map>
    <map>
      <Cell>
        <entity1 rdf:resource="https://w3id.org/scholarlydata/person/marco-antonio-casanova"/>
        <entity2 rdf:resource="https://w3id.org/scholarlydata/person/marco-a.-casanova"/>
        <relation>=</relation>
        <measure rdf:datatype="http://www.w3.org/2001/XMLSchema#float">1.0</measure>
      </Cell>
    </map>
    <map>
      <Cell>
        <entity1 rdf:resource="https://w3id.org/scholarlydata/person/dmitry-muromtsev"/>
        <entity2 rdf:resource="https://w3id.org/scholarlydata/person/dmitry-mouromtsev"/>
        <relation>=</relation>
        <measure rdf:datatype="http://www.w3.org/2001/XMLSchema#float">1.0</measure>
      </Cell>
    </map>
    <map>
      <Cell>
        <entity1 rdf:resource="https://w3id.org/scholarlydata/person/danielm-herzig"/>
        <entity2 rdf:resource="https://w3id.org/scholarlydata/person/daniel-herzig"/>
        <relation>=</relation>
        <measure rdf:datatype="http://www.w3.org/2001/XMLSchema#float">1.0</measure>
      </Cell>
    </map>
    <map>
      <Cell>
        <entity1 rdf:resource="https://w3id.org/scholarlydata/person/makoto-p-kato"/>
        <entity2 rdf:resource="https://w3id.org/scholarlydata/person/makotop-kato"/>
        <relation>=</relation>
        <measure rdf:datatype="http://www.w3.org/2001/XMLSchema#float">1.0</measure>
      </Cell>
    </map>
    <map>
      <Cell>
        <entity1 rdf:resource="https://w3id.org/scholarlydata/person/valetina-presutti"/>
        <entity2 rdf:resource="https://w3id.org/scholarlydata/person/valentina-presutti"/>
        <relation>=</relation>
        <measure rdf:datatype="http://www.w3.org/2001/XMLSchema#float">1.0</measure>
      </Cell>
    </map>
    <map>
      <Cell>
        <entity1 rdf:resource="https://w3id.org/scholarlydata/person/birgitta-koenig-ries"/>
        <entity2 rdf:resource="https://w3id.org/scholarlydata/person/birgitta-konig-ries"/>
        <relation>=</relation>
        <measure rdf:datatype="http://www.w3.org/2001/XMLSchema#float">1.0</measure>
      </Cell>
    </map>
    <map>
      <Cell>
        <entity1 rdf:resource="https://w3id.org/scholarlydata/person/baris-sertkaya"/>
        <entity2 rdf:resource="https://w3id.org/scholarlydata/person/s-sertkaya"/>
        <relation>=</relation>
        <measure rdf:datatype="http://www.w3.org/2001/XMLSchema#float">1.0</measure>
      </Cell>
    </map>
    <map>
      <Cell>
        <entity1 rdf:resource="https://w3id.org/scholarlydata/person/francesco-saverio-nucci"/>
        <entity2 rdf:resource="https://w3id.org/scholarlydata/person/francesco-nucci"/>
        <relation>=</relation>
        <measure rdf:datatype="http://www.w3.org/2001/XMLSchema#float">1.0</measure>
      </Cell>
    </map>
    <map>
      <Cell>
        <entity1 rdf:resource="https://w3id.org/scholarlydata/person/lyndon-j-b-nixon"/>
        <entity2 rdf:resource="https://w3id.org/scholarlydata/person/lyndon-nixon"/>
        <relation>=</relation>
        <measure rdf:datatype="http://www.w3.org/2001/XMLSchema#float">1.0</measure>
      </Cell>
    </map>
    <map>
      <Cell>
        <entity1 rdf:resource="https://w3id.org/scholarlydata/person/john-p-mccrae"/>
        <entity2 rdf:resource="https://w3id.org/scholarlydata/person/john-mccrae"/>
        <relation>=</relation>
        <measure rdf:datatype="http://www.w3.org/2001/XMLSchema#float">1.0</measure>
      </Cell>
    </map>
    <map>
      <Cell>
        <entity1 rdf:resource="https://w3id.org/scholarlydata/person/fabian-m-suchanek"/>
        <entity2 rdf:resource="https://w3id.org/scholarlydata/person/fabian-suchanek"/>
        <relation>=</relation>
        <measure rdf:datatype="http://www.w3.org/2001/XMLSchema#float">1.0</measure>
      </Cell>
    </map>
    <map>
      <Cell>
        <entity1 rdf:resource="https://w3id.org/scholarlydata/person/l-v-subramaniam"/>
        <entity2 rdf:resource="https://w3id.org/scholarlydata/person/l-venkata-subramaniam"/>
        <relation>=</relation>
        <measure rdf:datatype="http://www.w3.org/2001/XMLSchema#float">1.0</measure>
      </Cell>
    </map>
    <map>
      <Cell>
        <entity1 rdf:resource="https://w3id.org/scholarlydata/person/gregoris-antoniou"/>
        <entity2 rdf:resource="https://w3id.org/scholarlydata/person/grigoris-antoniou"/>
        <relation>=</relation>
        <measure rdf:datatype="http://www.w3.org/2001/XMLSchema#float">1.0</measure>
      </Cell>
    </map>
    <map>
      <Cell>
        <entity1 rdf:resource="https://w3id.org/scholarlydata/person/ryen-w-white"/>
        <entity2 rdf:resource="https://w3id.org/scholarlydata/person/ryen-white"/>
        <relation>=</relation>
        <measure rdf:datatype="http://www.w3.org/2001/XMLSchema#float">1.0</measure>
      </Cell>
    </map>
    <map>
      <Cell>
        <entity1 rdf:resource="https://w3id.org/scholarlydata/person/grigoris-antoniou"/>
        <entity2 rdf:resource="https://w3id.org/scholarlydata/person/gregoris-antoniou"/>
        <relation>=</relation>
        <measure rdf:datatype="http://www.w3.org/2001/XMLSchema#float">1.0</measure>
      </Cell>
    </map>
    <map>
      <Cell>
        <entity1 rdf:resource="https://w3id.org/scholarlydata/person/oscar-corcho"/>
        <entity2 rdf:resource="https://w3id.org/scholarlydata/person/Oscar-corcho"/>
        <relation>=</relation>
        <measure rdf:datatype="http://www.w3.org/2001/XMLSchema#float">1.0</measure>
      </Cell>
    </map>
    <map>
      <Cell>
        <entity1 rdf:resource="https://w3id.org/scholarlydata/person/luis-a-leiva"/>
        <entity2 rdf:resource="https://w3id.org/scholarlydata/person/luisa-leiva"/>
        <relation>=</relation>
        <measure rdf:datatype="http://www.w3.org/2001/XMLSchema#float">1.0</measure>
      </Cell>
    </map>
    <map>
      <Cell>
        <entity1 rdf:resource="https://w3id.org/scholarlydata/person/alasdair-j-g-gray"/>
        <entity2 rdf:resource="https://w3id.org/scholarlydata/person/alasdair-gray"/>
        <relation>=</relation>
        <measure rdf:datatype="http://www.w3.org/2001/XMLSchema#float">1.0</measure>
      </Cell>
    </map>
    <map>
      <Cell>
        <entity1 rdf:resource="https://w3id.org/scholarlydata/person/luisa-leiva"/>
        <entity2 rdf:resource="https://w3id.org/scholarlydata/person/luis-a-leiva"/>
        <relation>=</relation>
        <measure rdf:datatype="http://www.w3.org/2001/XMLSchema#float">1.0</measure>
      </Cell>
    </map>
    <map>
      <Cell>
        <entity1 rdf:resource="https://w3id.org/scholarlydata/person/ghislain-auguste-atemezing"/>
        <entity2 rdf:resource="https://w3id.org/scholarlydata/person/ghislain-atemezing"/>
        <relation>=</relation>
        <measure rdf:datatype="http://www.w3.org/2001/XMLSchema#float">1.0</measure>
      </Cell>
    </map>
    <map>
      <Cell>
        <entity1 rdf:resource="https://w3id.org/scholarlydata/person/alasdair-gray"/>
        <entity2 rdf:resource="https://w3id.org/scholarlydata/person/alasdair-j-g-gray"/>
        <relation>=</relation>
        <measure rdf:datatype="http://www.w3.org/2001/XMLSchema#float">1.0</measure>
      </Cell>
    </map>
    <map>
      <Cell>
        <entity1 rdf:resource="https://w3id.org/scholarlydata/person/hak-kim"/>
        <entity2 rdf:resource="https://w3id.org/scholarlydata/person/haklae-kim"/>
        <relation>=</relation>
        <measure rdf:datatype="http://www.w3.org/2001/XMLSchema#float">1.0</measure>
      </Cell>
    </map>
    <map>
      <Cell>
        <entity1 rdf:resource="https://w3id.org/scholarlydata/person/marco-antonio-casanova"/>
        <entity2 rdf:resource="https://w3id.org/scholarlydata/person/marco-casanova"/>
        <relation>=</relation>
        <measure rdf:datatype="http://www.w3.org/2001/XMLSchema#float">1.0</measure>
      </Cell>
    </map>
    <map>
      <Cell>
        <entity1 rdf:resource="https://w3id.org/scholarlydata/person/willem-robert-van-hage"/>
        <entity2 rdf:resource="https://w3id.org/scholarlydata/person/willem-van-hage"/>
        <relation>=</relation>
        <measure rdf:datatype="http://www.w3.org/2001/XMLSchema#float">1.0</measure>
      </Cell>
    </map>
    <map>
      <Cell>
        <entity1 rdf:resource="https://w3id.org/scholarlydata/person/soeren-auer"/>
        <entity2 rdf:resource="https://w3id.org/scholarlydata/person/soren-auer"/>
        <relation>=</relation>
        <measure rdf:datatype="http://www.w3.org/2001/XMLSchema#float">1.0</measure>
      </Cell>
    </map>
    <map>
      <Cell>
        <entity1 rdf:resource="https://w3id.org/scholarlydata/person/p-t-wood"/>
        <entity2 rdf:resource="https://w3id.org/scholarlydata/person/peter-wood"/>
        <relation>=</relation>
        <measure rdf:datatype="http://www.w3.org/2001/XMLSchema#float">1.0</measure>
      </Cell>
    </map>
    <map>
      <Cell>
        <entity1 rdf:resource="https://w3id.org/scholarlydata/person/isabel-f-cruz"/>
        <entity2 rdf:resource="https://w3id.org/scholarlydata/person/isabel-cruz"/>
        <relation>=</relation>
        <measure rdf:datatype="http://www.w3.org/2001/XMLSchema#float">1.0</measure>
      </Cell>
    </map>
    <map>
      <Cell>
        <entity1 rdf:resource="https://w3id.org/scholarlydata/person/raphaelm-reischuk"/>
        <entity2 rdf:resource="https://w3id.org/scholarlydata/person/raphael-m-reischuk"/>
        <relation>=</relation>
        <measure rdf:datatype="http://www.w3.org/2001/XMLSchema#float">1.0</measure>
      </Cell>
    </map>
    <map>
      <Cell>
        <entity1 rdf:resource="https://w3id.org/scholarlydata/person/andrea-giovanni-nuzzolese"/>
        <entity2 rdf:resource="https://w3id.org/scholarlydata/person/andrea-nuzzolese"/>
        <relation>=</relation>
        <measure rdf:datatype="http://www.w3.org/2001/XMLSchema#float">1.0</measure>
      </Cell>
    </map>
    <map>
      <Cell>
        <entity1 rdf:resource="https://w3id.org/scholarlydata/person/daniel-miranker"/>
        <entity2 rdf:resource="https://w3id.org/scholarlydata/person/daniel-p-miranker"/>
        <relation>=</relation>
        <measure rdf:datatype="http://www.w3.org/2001/XMLSchema#float">1.0</measure>
      </Cell>
    </map>
    <map>
      <Cell>
        <entity1 rdf:resource="https://w3id.org/scholarlydata/person/brendan-fong"/>
        <entity2 rdf:resource="https://w3id.org/scholarlydata/person/calvin-fong"/>
        <relation>!=</relation>
        <measure rdf:datatype="http://www.w3.org/2001/XMLSchema#float">1.0</measure>
      </Cell>
    </map>
    <map>
      <Cell>
        <entity1 rdf:resource="https://w3id.org/scholarlydata/person/markus-krause"/>
        <entity2 rdf:resource="https://w3id.org/scholarlydata/person/kai-uwe-krause"/>
        <relation>!=</relation>
        <measure rdf:datatype="http://www.w3.org/2001/XMLSchema#float">1.0</measure>
      </Cell>
    </map>
    <map>
      <Cell>
        <entity1 rdf:resource="https://w3id.org/scholarlydata/person/claus-stadler"/>
        <entity2 rdf:resource="https://w3id.org/scholarlydata/person/rolf-stadler"/>
        <relation>!=</relation>
        <measure rdf:datatype="http://www.w3.org/2001/XMLSchema#float">1.0</measure>
      </Cell>
    </map>
    <map>
      <Cell>
        <entity1 rdf:resource="https://w3id.org/scholarlydata/person/david-lewis"/>
        <entity2 rdf:resource="https://w3id.org/scholarlydata/person/neal-lewis"/>
        <relation>!=</relation>
        <measure rdf:datatype="http://www.w3.org/2001/XMLSchema#float">1.0</measure>
      </Cell>
    </map>
    <map>
      <Cell>
        <entity1 rdf:resource="https://w3id.org/scholarlydata/person/harshil-parikh"/>
        <entity2 rdf:resource="https://w3id.org/scholarlydata/person/nish-parikh"/>
        <relation>!=</relation>
        <measure rdf:datatype="http://www.w3.org/2001/XMLSchema#float">1.0</measure>
      </Cell>
    </map>
    <map>
      <Cell>
        <entity1 rdf:resource="https://w3id.org/scholarlydata/person/claudia-lehmann"/>
        <entity2 rdf:resource="https://w3id.org/scholarlydata/person/janette-lehmann"/>
        <relation>!=</relation>
        <measure rdf:datatype="http://www.w3.org/2001/XMLSchema#float">1.0</measure>
      </Cell>
    </map>
    <map>
      <Cell>
        <entity1 rdf:resource="https://w3id.org/scholarlydata/person/vikash-kumar"/>
        <entity2 rdf:resource="https://w3id.org/scholarlydata/person/ravi-kumar"/>
        <relation>!=</relation>
        <measure rdf:datatype="http://www.w3.org/2001/XMLSchema#float">1.0</measure>
      </Cell>
    </map>
    <map>
      <Cell>
        <entity1 rdf:resource="https://w3id.org/scholarlydata/person/miriam-fernandez"/>
        <entity2 rdf:resource="https://w3id.org/scholarlydata/person/manuel-fernandez"/>
        <relation>!=</relation>
        <measure rdf:datatype="http://www.w3.org/2001/XMLSchema#float">1.0</measure>
      </Cell>
    </map>
    <map>
      <Cell>
        <entity1 rdf:resource="https://w3id.org/scholarlydata/person/jeon-hyung-kang"/>
        <entity2 rdf:resource="https://w3id.org/scholarlydata/person/jaewoo-kang"/>
        <relation>!=</relation>
        <measure rdf:datatype="http://www.w3.org/2001/XMLSchema#float">1.0</measure>
      </Cell>
    </map>
    <map>
      <Cell>
        <entity1 rdf:resource="https://w3id.org/scholarlydata/person/roberto-garcia"/>
        <entity2 rdf:resource="https://w3id.org/scholarlydata/person/jose-maria-garcia"/>
        <relation>!=</relation>
        <measure rdf:datatype="http://www.w3.org/2001/XMLSchema#float">1.0</measure>
      </Cell>
    </map>
    <map>
      <Cell>
        <entity1 rdf:resource="https://w3id.org/scholarlydata/person/hyunsun-kim"/>
        <entity2 rdf:resource="https://w3id.org/scholarlydata/person/haklae-kim"/>
        <relation>!=</relation>
        <measure rdf:datatype="http://www.w3.org/2001/XMLSchema#float">1.0</measure>
      </Cell>
    </map>
    <map>
      <Cell>
        <entity1 rdf:resource="https://w3id.org/scholarlydata/person/cornelia-davis"/>
        <entity2 rdf:resource="https://w3id.org/scholarlydata/person/joseph-davis"/>
        <relation>!=</relation>
        <measure rdf:datatype="http://www.w3.org/2001/XMLSchema#float">1.0</measure>
      </Cell>
    </map>
    <map>
      <Cell>
        <entity1 rdf:resource="https://w3id.org/scholarlydata/person/alan-dix"/>
        <entity2 rdf:resource="https://w3id.org/scholarlydata/person/juergen-dix"/>
        <relation>!=</relation>
        <measure rdf:datatype="http://www.w3.org/2001/XMLSchema#float">1.0</measure>
      </Cell>
    </map>
    <map>
      <Cell>
        <entity1 rdf:resource="https://w3id.org/scholarlydata/person/shu-tao"/>
        <entity2 rdf:resource="https://w3id.org/scholarlydata/person/ke-tao"/>
        <relation>!=</relation>
        <measure rdf:datatype="http://www.w3.org/2001/XMLSchema#float">1.0</measure>
      </Cell>
    </map>
    <map>
      <Cell>
        <entity1 rdf:resource="https://w3id.org/scholarlydata/person/jiawei-han"/>
        <entity2 rdf:resource="https://w3id.org/scholarlydata/person/dingyi-han"/>
        <relation>!=</relation>
        <measure rdf:datatype="http://www.w3.org/2001/XMLSchema#float">1.0</measure>
      </Cell>
    </map>
    <map>
      <Cell>
        <entity1 rdf:resource="https://w3id.org/scholarlydata/person/bruno-goncalves"/>
        <entity2 rdf:resource="https://w3id.org/scholarlydata/person/marcos-goncalves"/>
        <relation>!=</relation>
        <measure rdf:datatype="http://www.w3.org/2001/XMLSchema#float">1.0</measure>
      </Cell>
    </map>
    <map>
      <Cell>
        <entity1 rdf:resource="https://w3id.org/scholarlydata/person/yi-dong-shen"/>
        <entity2 rdf:resource="https://w3id.org/scholarlydata/person/dou-shen"/>
        <relation>!=</relation>
        <measure rdf:datatype="http://www.w3.org/2001/XMLSchema#float">1.0</measure>
      </Cell>
    </map>
    <map>
      <Cell>
        <entity1 rdf:resource="https://w3id.org/scholarlydata/person/jodi-schneider"/>
        <entity2 rdf:resource="https://w3id.org/scholarlydata/person/michael-schneider"/>
        <relation>!=</relation>
        <measure rdf:datatype="http://www.w3.org/2001/XMLSchema#float">1.0</measure>
      </Cell>
    </map>
    <map>
      <Cell>
        <entity1 rdf:resource="https://w3id.org/scholarlydata/person/kai-uwe-sattler"/>
        <entity2 rdf:resource="https://w3id.org/scholarlydata/person/ulrike-sattler"/>
        <relation>!=</relation>
        <measure rdf:datatype="http://www.w3.org/2001/XMLSchema#float">1.0</measure>
      </Cell>
    </map>
    <map>
      <Cell>
        <entity1 rdf:resource="https://w3id.org/scholarlydata/person/su-myeon-kim"/>
        <entity2 rdf:resource="https://w3id.org/scholarlydata/person/hak-kim"/>
        <relation>!=</relation>
        <measure rdf:datatype="http://www.w3.org/2001/XMLSchema#float">1.0</measure>
      </Cell>
    </map>
    <map>
      <Cell>
        <entity1 rdf:resource="https://w3id.org/scholarlydata/person/neal-lewis"/>
        <entity2 rdf:resource="https://w3id.org/scholarlydata/person/dave-lewis"/>
        <relation>!=</relation>
        <measure rdf:datatype="http://www.w3.org/2001/XMLSchema#float">1.0</measure>
      </Cell>
    </map>
    <map>
      <Cell>
        <entity1 rdf:resource="https://w3id.org/scholarlydata/person/thomas-schneider"/>
        <entity2 rdf:resource="https://w3id.org/scholarlydata/person/patrik-schneider"/>
        <relation>!=</relation>
        <measure rdf:datatype="http://www.w3.org/2001/XMLSchema#float">1.0</measure>
      </Cell>
    </map>
    <map>
      <Cell>
        <entity1 rdf:resource="https://w3id.org/scholarlydata/person/ravi-kumar"/>
        <entity2 rdf:resource="https://w3id.org/scholarlydata/person/vikash-kumar"/>
        <relation>!=</relation>
        <measure rdf:datatype="http://www.w3.org/2001/XMLSchema#float">1.0</measure>
      </Cell>
    </map>
    <map>
      <Cell>
        <entity1 rdf:resource="https://w3id.org/scholarlydata/person/ljiljana-stojanovic"/>
        <entity2 rdf:resource="https://w3id.org/scholarlydata/person/nenad-stojanovic"/>
        <relation>!=</relation>
        <measure rdf:datatype="http://www.w3.org/2001/XMLSchema#float">1.0</measure>
      </Cell>
    </map>
    <map>
      <Cell>
        <entity1 rdf:resource="https://w3id.org/scholarlydata/person/jiawei-han"/>
        <entity2 rdf:resource="https://w3id.org/scholarlydata/person/wook-shin-han"/>
        <relation>!=</relation>
        <measure rdf:datatype="http://www.w3.org/2001/XMLSchema#float">1.0</measure>
      </Cell>
    </map>
    <map>
      <Cell>
        <entity1 rdf:resource="https://w3id.org/scholarlydata/person/soumen-chakrabarti"/>
        <entity2 rdf:resource="https://w3id.org/scholarlydata/person/kaushik-chakrabarti"/>
        <relation>!=</relation>
        <measure rdf:datatype="http://www.w3.org/2001/XMLSchema#float">1.0</measure>
      </Cell>
    </map>
    <map>
      <Cell>
        <entity1 rdf:resource="https://w3id.org/scholarlydata/person/yang-song"/>
        <entity2 rdf:resource="https://w3id.org/scholarlydata/person/fuqi-song"/>
        <relation>!=</relation>
        <measure rdf:datatype="http://www.w3.org/2001/XMLSchema#float">1.0</measure>
      </Cell>
    </map>
    <map>
      <Cell>
        <entity1 rdf:resource="https://w3id.org/scholarlydata/person/thomas-neumann"/>
        <entity2 rdf:resource="https://w3id.org/scholarlydata/person/marco-neumann"/>
        <relation>!=</relation>
        <measure rdf:datatype="http://www.w3.org/2001/XMLSchema#float">1.0</measure>
      </Cell>
    </map>
    <map>
      <Cell>
        <entity1 rdf:resource="https://w3id.org/scholarlydata/person/xin-fan"/>
        <entity2 rdf:resource="https://w3id.org/scholarlydata/person/wei-fan"/>
        <relation>!=</relation>
        <measure rdf:datatype="http://www.w3.org/2001/XMLSchema#float">1.0</measure>
      </Cell>
    </map>
    <map>
      <Cell>
        <entity1 rdf:resource="https://w3id.org/scholarlydata/person/andres-moreno"/>
        <entity2 rdf:resource="https://w3id.org/scholarlydata/person/yamir-moreno"/>
        <relation>!=</relation>
        <measure rdf:datatype="http://www.w3.org/2001/XMLSchema#float">1.0</measure>
      </Cell>
    </map>
    <map>
      <Cell>
        <entity1 rdf:resource="https://w3id.org/scholarlydata/person/soumen-chakrabarti"/>
        <entity2 rdf:resource="https://w3id.org/scholarlydata/person/deepayan-chakrabarti"/>
        <relation>!=</relation>
        <measure rdf:datatype="http://www.w3.org/2001/XMLSchema#float">1.0</measure>
      </Cell>
    </map>
    <map>
      <Cell>
        <entity1 rdf:resource="https://w3id.org/scholarlydata/person/xuxian-jiang"/>
        <entity2 rdf:resource="https://w3id.org/scholarlydata/person/xueyan-jiang"/>
        <relation>!=</relation>
        <measure rdf:datatype="http://www.w3.org/2001/XMLSchema#float">1.0</measure>
      </Cell>
    </map>
    <map>
      <Cell>
        <entity1 rdf:resource="https://w3id.org/scholarlydata/person/wei-fan"/>
        <entity2 rdf:resource="https://w3id.org/scholarlydata/person/xin-fan"/>
        <relation>!=</relation>
        <measure rdf:datatype="http://www.w3.org/2001/XMLSchema#float">1.0</measure>
      </Cell>
    </map>
    <map>
      <Cell>
        <entity1 rdf:resource="https://w3id.org/scholarlydata/person/chun-lu"/>
        <entity2 rdf:resource="https://w3id.org/scholarlydata/person/qin-lu"/>
        <relation>!=</relation>
        <measure rdf:datatype="http://www.w3.org/2001/XMLSchema#float">1.0</measure>
      </Cell>
    </map>
    <map>
      <Cell>
        <entity1 rdf:resource="https://w3id.org/scholarlydata/person/miguel-iglesias"/>
        <entity2 rdf:resource="https://w3id.org/scholarlydata/person/carlos-a-iglesias"/>
        <relation>!=</relation>
        <measure rdf:datatype="http://www.w3.org/2001/XMLSchema#float">1.0</measure>
      </Cell>
    </map>
    <map>
      <Cell>
        <entity1 rdf:resource="https://w3id.org/scholarlydata/person/david-millard"/>
        <entity2 rdf:resource="https://w3id.org/scholarlydata/person/ian-millard"/>
        <relation>!=</relation>
        <measure rdf:datatype="http://www.w3.org/2001/XMLSchema#float">1.0</measure>
      </Cell>
    </map>
    <map>
      <Cell>
        <entity1 rdf:resource="https://w3id.org/scholarlydata/person/emilia-mendes"/>
        <entity2 rdf:resource="https://w3id.org/scholarlydata/person/pablo-mendes"/>
        <relation>!=</relation>
        <measure rdf:datatype="http://www.w3.org/2001/XMLSchema#float">1.0</measure>
      </Cell>
    </map>
    <map>
      <Cell>
        <entity1 rdf:resource="https://w3id.org/scholarlydata/person/sune-lehmann"/>
        <entity2 rdf:resource="https://w3id.org/scholarlydata/person/janette-lehmann"/>
        <relation>!=</relation>
        <measure rdf:datatype="http://www.w3.org/2001/XMLSchema#float">1.0</measure>
      </Cell>
    </map>
    <map>
      <Cell>
        <entity1 rdf:resource="https://w3id.org/scholarlydata/person/marcos-goncalves"/>
        <entity2 rdf:resource="https://w3id.org/scholarlydata/person/bruno-goncalves"/>
        <relation>!=</relation>
        <measure rdf:datatype="http://www.w3.org/2001/XMLSchema#float">1.0</measure>
      </Cell>
    </map>
    <map>
      <Cell>
        <entity1 rdf:resource="https://w3id.org/scholarlydata/person/helena-sofia-pinto"/>
        <entity2 rdf:resource="https://w3id.org/scholarlydata/person/alexandre-miguel-pinto"/>
        <relation>!=</relation>
        <measure rdf:datatype="http://www.w3.org/2001/XMLSchema#float">1.0</measure>
      </Cell>
    </map>
    <map>
      <Cell>
        <entity1 rdf:resource="https://w3id.org/scholarlydata/person/prabhakar-raghavan"/>
        <entity2 rdf:resource="https://w3id.org/scholarlydata/person/hema-raghavan"/>
        <relation>!=</relation>
        <measure rdf:datatype="http://www.w3.org/2001/XMLSchema#float">1.0</measure>
      </Cell>
    </map>
    <map>
      <Cell>
        <entity1 rdf:resource="https://w3id.org/scholarlydata/person/juan-a-recio-garcia"/>
        <entity2 rdf:resource="https://w3id.org/scholarlydata/person/roberto-garcia"/>
        <relation>!=</relation>
        <measure rdf:datatype="http://www.w3.org/2001/XMLSchema#float">1.0</measure>
      </Cell>
    </map>
    <map>
      <Cell>
        <entity1 rdf:resource="https://w3id.org/scholarlydata/person/chengzheng-sun"/>
        <entity2 rdf:resource="https://w3id.org/scholarlydata/person/jian-tao-sun"/>
        <relation>!=</relation>
        <measure rdf:datatype="http://www.w3.org/2001/XMLSchema#float">1.0</measure>
      </Cell>
    </map>
    <map>
      <Cell>
        <entity1 rdf:resource="https://w3id.org/scholarlydata/person/pavlos-fafalios"/>
        <entity2 rdf:resource="https://w3id.org/scholarlydata/person/petros-fafalios"/>
        <relation>!=</relation>
        <measure rdf:datatype="http://www.w3.org/2001/XMLSchema#float">1.0</measure>
      </Cell>
    </map>
    <map>
      <Cell>
        <entity1 rdf:resource="https://w3id.org/scholarlydata/person/amit-singh"/>
        <entity2 rdf:resource="https://w3id.org/scholarlydata/person/jatinder-singh"/>
        <relation>!=</relation>
        <measure rdf:datatype="http://www.w3.org/2001/XMLSchema#float">1.0</measure>
      </Cell>
    </map>
    <map>
      <Cell>
        <entity1 rdf:resource="https://w3id.org/scholarlydata/person/hak-kim"/>
        <entity2 rdf:resource="https://w3id.org/scholarlydata/person/su-nam-kim"/>
        <relation>!=</relation>
        <measure rdf:datatype="http://www.w3.org/2001/XMLSchema#float">1.0</measure>
      </Cell>
    </map>
    <map>
      <Cell>
        <entity1 rdf:resource="https://w3id.org/scholarlydata/person/katrin-jordan"/>
        <entity2 rdf:resource="https://w3id.org/scholarlydata/person/patrick-jordan"/>
        <relation>!=</relation>
        <measure rdf:datatype="http://www.w3.org/2001/XMLSchema#float">1.0</measure>
      </Cell>
    </map>
    <map>
      <Cell>
        <entity1 rdf:resource="https://w3id.org/scholarlydata/person/shu-tao"/>
        <entity2 rdf:resource="https://w3id.org/scholarlydata/person/jia-tao"/>
        <relation>!=</relation>
        <measure rdf:datatype="http://www.w3.org/2001/XMLSchema#float">1.0</measure>
      </Cell>
    </map>
    <map>
      <Cell>
        <entity1 rdf:resource="https://w3id.org/scholarlydata/person/yi-dong-shen"/>
        <entity2 rdf:resource="https://w3id.org/scholarlydata/person/wei-shen"/>
        <relation>!=</relation>
        <measure rdf:datatype="http://www.w3.org/2001/XMLSchema#float">1.0</measure>
      </Cell>
    </map>
    <map>
      <Cell>
        <entity1 rdf:resource="https://w3id.org/scholarlydata/person/ioannis-antoniou"/>
        <entity2 rdf:resource="https://w3id.org/scholarlydata/person/gregoris-antoniou"/>
        <relation>!=</relation>
        <measure rdf:datatype="http://www.w3.org/2001/XMLSchema#float">1.0</measure>
      </Cell>
    </map>
    <map>
      <Cell>
        <entity1 rdf:resource="https://w3id.org/scholarlydata/person/adrian-klein"/>
        <entity2 rdf:resource="https://w3id.org/scholarlydata/person/michael-klein"/>
        <relation>!=</relation>
        <measure rdf:datatype="http://www.w3.org/2001/XMLSchema#float">1.0</measure>
      </Cell>
    </map>
    <map>
      <Cell>
        <entity1 rdf:resource="https://w3id.org/scholarlydata/person/charu-aggarwal"/>
        <entity2 rdf:resource="https://w3id.org/scholarlydata/person/gaurav-aggarwal"/>
        <relation>!=</relation>
        <measure rdf:datatype="http://www.w3.org/2001/XMLSchema#float">1.0</measure>
      </Cell>
    </map>
    <map>
      <Cell>
        <entity1 rdf:resource="https://w3id.org/scholarlydata/person/alexandre-miguel-pinto"/>
        <entity2 rdf:resource="https://w3id.org/scholarlydata/person/h-sofia-pinto"/>
        <relation>!=</relation>
        <measure rdf:datatype="http://www.w3.org/2001/XMLSchema#float">1.0</measure>
      </Cell>
    </map>
    <map>
      <Cell>
        <entity1 rdf:resource="https://w3id.org/scholarlydata/person/asuncion-gomez-perez"/>
        <entity2 rdf:resource="https://w3id.org/scholarlydata/person/jose-manuel-gomez-perez"/>
        <relation>!=</relation>
        <measure rdf:datatype="http://www.w3.org/2001/XMLSchema#float">1.0</measure>
      </Cell>
    </map>
    <map>
      <Cell>
        <entity1 rdf:resource="https://w3id.org/scholarlydata/person/amit-singh"/>
        <entity2 rdf:resource="https://w3id.org/scholarlydata/person/kapil-singh"/>
        <relation>!=</relation>
        <measure rdf:datatype="http://www.w3.org/2001/XMLSchema#float">1.0</measure>
      </Cell>
    </map>
    <map>
      <Cell>
        <entity1 rdf:resource="https://w3id.org/scholarlydata/person/jingtian-jiang"/>
        <entity2 rdf:resource="https://w3id.org/scholarlydata/person/xuxian-jiang"/>
        <relation>!=</relation>
        <measure rdf:datatype="http://www.w3.org/2001/XMLSchema#float">1.0</measure>
      </Cell>
    </map>
    <map>
      <Cell>
        <entity1 rdf:resource="https://w3id.org/scholarlydata/person/francesco-osborne"/>
        <entity2 rdf:resource="https://w3id.org/scholarlydata/person/miles-osborne"/>
        <relation>!=</relation>
        <measure rdf:datatype="http://www.w3.org/2001/XMLSchema#float">1.0</measure>
      </Cell>
    </map>
    <map>
      <Cell>
        <entity1 rdf:resource="https://w3id.org/scholarlydata/person/ruihua-song"/>
        <entity2 rdf:resource="https://w3id.org/scholarlydata/person/yang-song"/>
        <relation>!=</relation>
        <measure rdf:datatype="http://www.w3.org/2001/XMLSchema#float">1.0</measure>
      </Cell>
    </map>
    <map>
      <Cell>
        <entity1 rdf:resource="https://w3id.org/scholarlydata/person/javierd-fernandez"/>
        <entity2 rdf:resource="https://w3id.org/scholarlydata/person/manuel-fernandez"/>
        <relation>!=</relation>
        <measure rdf:datatype="http://www.w3.org/2001/XMLSchema#float">1.0</measure>
      </Cell>
    </map>
    <map>
      <Cell>
        <entity1 rdf:resource="https://w3id.org/scholarlydata/person/amit-joshi"/>
        <entity2 rdf:resource="https://w3id.org/scholarlydata/person/parag-joshi"/>
        <relation>!=</relation>
        <measure rdf:datatype="http://www.w3.org/2001/XMLSchema#float">1.0</measure>
      </Cell>
    </map>
    <map>
      <Cell>
        <entity1 rdf:resource="https://w3id.org/scholarlydata/person/ying-ding"/>
        <entity2 rdf:resource="https://w3id.org/scholarlydata/person/li-ding"/>
        <relation>!=</relation>
        <measure rdf:datatype="http://www.w3.org/2001/XMLSchema#float">1.0</measure>
      </Cell>
    </map>
    <map>
      <Cell>
        <entity1 rdf:resource="https://w3id.org/scholarlydata/person/bernhard-bauer"/>
        <entity2 rdf:resource="https://w3id.org/scholarlydata/person/matthias-bauer"/>
        <relation>!=</relation>
        <measure rdf:datatype="http://www.w3.org/2001/XMLSchema#float">1.0</measure>
      </Cell>
    </map>
    <map>
      <Cell>
        <entity1 rdf:resource="https://w3id.org/scholarlydata/person/john-tang"/>
        <entity2 rdf:resource="https://w3id.org/scholarlydata/person/jie-tang"/>
        <relation>!=</relation>
        <measure rdf:datatype="http://www.w3.org/2001/XMLSchema#float">1.0</measure>
      </Cell>
    </map>
    <map>
      <Cell>
        <entity1 rdf:resource="https://w3id.org/scholarlydata/person/vania-vidal"/>
        <entity2 rdf:resource="https://w3id.org/scholarlydata/person/maria-esther-vidal"/>
        <relation>!=</relation>
        <measure rdf:datatype="http://www.w3.org/2001/XMLSchema#float">1.0</measure>
      </Cell>
    </map>
    <map>
      <Cell>
        <entity1 rdf:resource="https://w3id.org/scholarlydata/person/yunhua-hu"/>
        <entity2 rdf:resource="https://w3id.org/scholarlydata/person/beibei-hu"/>
        <relation>!=</relation>
        <measure rdf:datatype="http://www.w3.org/2001/XMLSchema#float">1.0</measure>
      </Cell>
    </map>
    <map>
      <Cell>
        <entity1 rdf:resource="https://w3id.org/scholarlydata/person/werner-kuhn"/>
        <entity2 rdf:resource="https://w3id.org/scholarlydata/person/tobias-kuhn"/>
        <relation>!=</relation>
        <measure rdf:datatype="http://www.w3.org/2001/XMLSchema#float">1.0</measure>
      </Cell>
    </map>
    <map>
      <Cell>
        <entity1 rdf:resource="https://w3id.org/scholarlydata/person/jie-tang"/>
        <entity2 rdf:resource="https://w3id.org/scholarlydata/person/lei-tang"/>
        <relation>!=</relation>
        <measure rdf:datatype="http://www.w3.org/2001/XMLSchema#float">1.0</measure>
      </Cell>
    </map>
    <map>
      <Cell>
        <entity1 rdf:resource="https://w3id.org/scholarlydata/person/carolina-fortuna"/>
        <entity2 rdf:resource="https://w3id.org/scholarlydata/person/blaz-fortuna"/>
        <relation>!=</relation>
        <measure rdf:datatype="http://www.w3.org/2001/XMLSchema#float">1.0</measure>
      </Cell>
    </map>
    <map>
      <Cell>
        <entity1 rdf:resource="https://w3id.org/scholarlydata/person/aman-goel"/>
        <entity2 rdf:resource="https://w3id.org/scholarlydata/person/ashish-goel"/>
        <relation>!=</relation>
        <measure rdf:datatype="http://www.w3.org/2001/XMLSchema#float">1.0</measure>
      </Cell>
    </map>
    <map>
      <Cell>
        <entity1 rdf:resource="https://w3id.org/scholarlydata/person/ramnandan-krishnamurthy"/>
        <entity2 rdf:resource="https://w3id.org/scholarlydata/person/revathy-krishnamurthy"/>
        <relation>!=</relation>
        <measure rdf:datatype="http://www.w3.org/2001/XMLSchema#float">1.0</measure>
      </Cell>
    </map>
    <map>
      <Cell>
        <entity1 rdf:resource="https://w3id.org/scholarlydata/person/joao-castro"/>
        <entity2 rdf:resource="https://w3id.org/scholarlydata/person/harold-castro"/>
        <relation>!=</relation>
        <measure rdf:datatype="http://www.w3.org/2001/XMLSchema#float">1.0</measure>
      </Cell>
    </map>
    <map>
      <Cell>
        <entity1 rdf:resource="https://w3id.org/scholarlydata/person/andreas-wagner"/>
        <entity2 rdf:resource="https://w3id.org/scholarlydata/person/florian-wagner"/>
        <relation>!=</relation>
        <measure rdf:datatype="http://www.w3.org/2001/XMLSchema#float">1.0</measure>
      </Cell>
    </map>
    <map>
      <Cell>
        <entity1 rdf:resource="https://w3id.org/scholarlydata/person/alex-simov"/>
        <entity2 rdf:resource="https://w3id.org/scholarlydata/person/kiril-simov"/>
        <relation>!=</relation>
        <measure rdf:datatype="http://www.w3.org/2001/XMLSchema#float">1.0</measure>
      </Cell>
    </map>
    <map>
      <Cell>
        <entity1 rdf:resource="https://w3id.org/scholarlydata/person/dan-scott"/>
        <entity2 rdf:resource="https://w3id.org/scholarlydata/person/tom-scott"/>
        <relation>!=</relation>
        <measure rdf:datatype="http://www.w3.org/2001/XMLSchema#float">1.0</measure>
      </Cell>
    </map>
    <map>
      <Cell>
        <entity1 rdf:resource="https://w3id.org/scholarlydata/person/david-martin"/>
        <entity2 rdf:resource="https://w3id.org/scholarlydata/person/clemens-martin"/>
        <relation>!=</relation>
        <measure rdf:datatype="http://www.w3.org/2001/XMLSchema#float">1.0</measure>
      </Cell>
    </map>
    <map>
      <Cell>
        <entity1 rdf:resource="https://w3id.org/scholarlydata/person/rachel-allen"/>
        <entity2 rdf:resource="https://w3id.org/scholarlydata/person/mary-allen"/>
        <relation>!=</relation>
        <measure rdf:datatype="http://www.w3.org/2001/XMLSchema#float">1.0</measure>
      </Cell>
    </map>
    <map>
      <Cell>
        <entity1 rdf:resource="https://w3id.org/scholarlydata/person/xueyan-jiang"/>
        <entity2 rdf:resource="https://w3id.org/scholarlydata/person/jingtian-jiang"/>
        <relation>!=</relation>
        <measure rdf:datatype="http://www.w3.org/2001/XMLSchema#float">1.0</measure>
      </Cell>
    </map>
    <map>
      <Cell>
        <entity1 rdf:resource="https://w3id.org/scholarlydata/person/panagiotis-metaxas"/>
        <entity2 rdf:resource="https://w3id.org/scholarlydata/person/takis-metaxas"/>
        <relation>!=</relation>
        <measure rdf:datatype="http://www.w3.org/2001/XMLSchema#float">1.0</measure>
      </Cell>
    </map>
    <map>
      <Cell>
        <entity1 rdf:resource="https://w3id.org/scholarlydata/person/brian-davis"/>
        <entity2 rdf:resource="https://w3id.org/scholarlydata/person/cornelia-davis"/>
        <relation>!=</relation>
        <measure rdf:datatype="http://www.w3.org/2001/XMLSchema#float">1.0</measure>
      </Cell>
    </map>
    <map>
      <Cell>
        <entity1 rdf:resource="https://w3id.org/scholarlydata/person/xueyan-jiang"/>
        <entity2 rdf:resource="https://w3id.org/scholarlydata/person/daxin-jiang"/>
        <relation>!=</relation>
        <measure rdf:datatype="http://www.w3.org/2001/XMLSchema#float">1.0</measure>
      </Cell>
    </map>
    <map>
      <Cell>
        <entity1 rdf:resource="https://w3id.org/scholarlydata/person/shuangyong-song"/>
        <entity2 rdf:resource="https://w3id.org/scholarlydata/person/ruihua-song"/>
        <relation>!=</relation>
        <measure rdf:datatype="http://www.w3.org/2001/XMLSchema#float">1.0</measure>
      </Cell>
    </map>
    <map>
      <Cell>
        <entity1 rdf:resource="https://w3id.org/scholarlydata/person/giuseppe-rizzo"/>
        <entity2 rdf:resource="https://w3id.org/scholarlydata/person/giuseppe-rizzo1"/>
        <relation>!=</relation>
        <measure rdf:datatype="http://www.w3.org/2001/XMLSchema#float">1.0</measure>
      </Cell>
    </map>
    <map>
      <Cell>
        <entity1 rdf:resource="https://w3id.org/scholarlydata/person/xueyan-jiang"/>
        <entity2 rdf:resource="https://w3id.org/scholarlydata/person/xuxian-jiang"/>
        <relation>!=</relation>
        <measure rdf:datatype="http://www.w3.org/2001/XMLSchema#float">1.0</measure>
      </Cell>
    </map>
    <map>
      <Cell>
        <entity1 rdf:resource="https://w3id.org/scholarlydata/person/ross-singer"/>
        <entity2 rdf:resource="https://w3id.org/scholarlydata/person/philipp-singer"/>
        <relation>!=</relation>
        <measure rdf:datatype="http://www.w3.org/2001/XMLSchema#float">1.0</measure>
      </Cell>
    </map>
    <map>
      <Cell>
        <entity1 rdf:resource="https://w3id.org/scholarlydata/person/ke-tao"/>
        <entity2 rdf:resource="https://w3id.org/scholarlydata/person/shu-tao"/>
        <relation>!=</relation>
        <measure rdf:datatype="http://www.w3.org/2001/XMLSchema#float">1.0</measure>
      </Cell>
    </map>
    <map>
      <Cell>
        <entity1 rdf:resource="https://w3id.org/scholarlydata/person/thomas-schneider"/>
        <entity2 rdf:resource="https://w3id.org/scholarlydata/person/jodi-schneider"/>
        <relation>!=</relation>
        <measure rdf:datatype="http://www.w3.org/2001/XMLSchema#float">1.0</measure>
      </Cell>
    </map>
    <map>
      <Cell>
        <entity1 rdf:resource="https://w3id.org/scholarlydata/person/daxin-jiang"/>
        <entity2 rdf:resource="https://w3id.org/scholarlydata/person/xuxian-jiang"/>
        <relation>!=</relation>
        <measure rdf:datatype="http://www.w3.org/2001/XMLSchema#float">1.0</measure>
      </Cell>
    </map>
    <map>
      <Cell>
        <entity1 rdf:resource="https://w3id.org/scholarlydata/person/jie-tang"/>
        <entity2 rdf:resource="https://w3id.org/scholarlydata/person/john-tang"/>
        <relation>!=</relation>
        <measure rdf:datatype="http://www.w3.org/2001/XMLSchema#float">1.0</measure>
      </Cell>
    </map>
    <map>
      <Cell>
        <entity1 rdf:resource="https://w3id.org/scholarlydata/person/haijie-gu"/>
        <entity2 rdf:resource="https://w3id.org/scholarlydata/person/guofei-gu"/>
        <relation>!=</relation>
        <measure rdf:datatype="http://www.w3.org/2001/XMLSchema#float">1.0</measure>
      </Cell>
    </map>
    <map>
      <Cell>
        <entity1 rdf:resource="https://w3id.org/scholarlydata/person/prithviraj-sen"/>
        <entity2 rdf:resource="https://w3id.org/scholarlydata/person/subhabrata-sen"/>
        <relation>!=</relation>
        <measure rdf:datatype="http://www.w3.org/2001/XMLSchema#float">1.0</measure>
      </Cell>
    </map>
    <map>
      <Cell>
        <entity1 rdf:resource="https://w3id.org/scholarlydata/person/brian-davis"/>
        <entity2 rdf:resource="https://w3id.org/scholarlydata/person/joseph-davis"/>
        <relation>!=</relation>
        <measure rdf:datatype="http://www.w3.org/2001/XMLSchema#float">1.0</measure>
      </Cell>
    </map>
    <map>
      <Cell>
        <entity1 rdf:resource="https://w3id.org/scholarlydata/person/carlos-rodriguez"/>
        <entity2 rdf:resource="https://w3id.org/scholarlydata/person/andrea-rodriguez"/>
        <relation>!=</relation>
        <measure rdf:datatype="http://www.w3.org/2001/XMLSchema#float">1.0</measure>
      </Cell>
    </map>
    <map>
      <Cell>
        <entity1 rdf:resource="https://w3id.org/scholarlydata/person/jing-jiang"/>
        <entity2 rdf:resource="https://w3id.org/scholarlydata/person/jingtian-jiang"/>
        <relation>!=</relation>
        <measure rdf:datatype="http://www.w3.org/2001/XMLSchema#float">1.0</measure>
      </Cell>
    </map>
    <map>
      <Cell>
        <entity1 rdf:resource="https://w3id.org/scholarlydata/person/patrik-schneider"/>
        <entity2 rdf:resource="https://w3id.org/scholarlydata/person/jodi-schneider"/>
        <relation>!=</relation>
        <measure rdf:datatype="http://www.w3.org/2001/XMLSchema#float">1.0</measure>
      </Cell>
    </map>
    <map>
      <Cell>
        <entity1 rdf:resource="https://w3id.org/scholarlydata/person/jaewoo-kang"/>
        <entity2 rdf:resource="https://w3id.org/scholarlydata/person/jeon-hyung-kang"/>
        <relation>!=</relation>
        <measure rdf:datatype="http://www.w3.org/2001/XMLSchema#float">1.0</measure>
      </Cell>
    </map>
    <map>
      <Cell>
        <entity1 rdf:resource="https://w3id.org/scholarlydata/person/ganesh-ramakrishnan"/>
        <entity2 rdf:resource="https://w3id.org/scholarlydata/person/cartic-ramakrishnan"/>
        <relation>!=</relation>
        <measure rdf:datatype="http://www.w3.org/2001/XMLSchema#float">1.0</measure>
      </Cell>
    </map>
    <map>
      <Cell>
        <entity1 rdf:resource="https://w3id.org/scholarlydata/person/yi-dong-shen"/>
        <entity2 rdf:resource="https://w3id.org/scholarlydata/person/xuehua-shen"/>
        <relation>!=</relation>
        <measure rdf:datatype="http://www.w3.org/2001/XMLSchema#float">1.0</measure>
      </Cell>
    </map>
    <map>
      <Cell>
        <entity1 rdf:resource="https://w3id.org/scholarlydata/person/claudia-lehmann"/>
        <entity2 rdf:resource="https://w3id.org/scholarlydata/person/franz-lehmann"/>
        <relation>!=</relation>
        <measure rdf:datatype="http://www.w3.org/2001/XMLSchema#float">1.0</measure>
      </Cell>
    </map>
    <map>
      <Cell>
        <entity1 rdf:resource="https://w3id.org/scholarlydata/person/ryan-h-choi"/>
        <entity2 rdf:resource="https://w3id.org/scholarlydata/person/yejin-choi"/>
        <relation>!=</relation>
        <measure rdf:datatype="http://www.w3.org/2001/XMLSchema#float">1.0</measure>
      </Cell>
    </map>
    <map>
      <Cell>
        <entity1 rdf:resource="https://w3id.org/scholarlydata/person/revathy-krishnamurthy"/>
        <entity2 rdf:resource="https://w3id.org/scholarlydata/person/ramnandan-krishnamurthy"/>
        <relation>!=</relation>
        <measure rdf:datatype="http://www.w3.org/2001/XMLSchema#float">1.0</measure>
      </Cell>
    </map>
    <map>
      <Cell>
        <entity1 rdf:resource="https://w3id.org/scholarlydata/person/james-hendler"/>
        <entity2 rdf:resource="https://w3id.org/scholarlydata/person/nigel-shadbolt"/>
        <relation>!=</relation>
        <measure rdf:datatype="http://www.w3.org/2001/XMLSchema#float">1.0</measure>
      </Cell>
    </map>
    <map>
      <Cell>
        <entity1 rdf:resource="https://w3id.org/scholarlydata/person/alain-mille"/>
        <entity2 rdf:resource="https://w3id.org/scholarlydata/person/simon-mille"/>
        <relation>!=</relation>
        <measure rdf:datatype="http://www.w3.org/2001/XMLSchema#float">1.0</measure>
      </Cell>
    </map>
    <map>
      <Cell>
        <entity1 rdf:resource="https://w3id.org/scholarlydata/person/qin-lu"/>
        <entity2 rdf:resource="https://w3id.org/scholarlydata/person/yue-lu"/>
        <relation>!=</relation>
        <measure rdf:datatype="http://www.w3.org/2001/XMLSchema#float">1.0</measure>
      </Cell>
    </map>
    <map>
      <Cell>
        <entity1 rdf:resource="https://w3id.org/scholarlydata/person/xiaolin-shi"/>
        <entity2 rdf:resource="https://w3id.org/scholarlydata/person/shuming-shi"/>
        <relation>!=</relation>
        <measure rdf:datatype="http://www.w3.org/2001/XMLSchema#float">1.0</measure>
      </Cell>
    </map>
    <map>
      <Cell>
        <entity1 rdf:resource="https://w3id.org/scholarlydata/person/kapil-singh"/>
        <entity2 rdf:resource="https://w3id.org/scholarlydata/person/jatinder-singh"/>
        <relation>!=</relation>
        <measure rdf:datatype="http://www.w3.org/2001/XMLSchema#float">1.0</measure>
      </Cell>
    </map>
    <map>
      <Cell>
        <entity1 rdf:resource="https://w3id.org/scholarlydata/person/michael-fink"/>
        <entity2 rdf:resource="https://w3id.org/scholarlydata/person/eleanor-fink"/>
        <relation>!=</relation>
        <measure rdf:datatype="http://www.w3.org/2001/XMLSchema#float">1.0</measure>
      </Cell>
    </map>
    <map>
      <Cell>
        <entity1 rdf:resource="https://w3id.org/scholarlydata/person/aixin-sun"/>
        <entity2 rdf:resource="https://w3id.org/scholarlydata/person/jian-tao-sun"/>
        <relation>!=</relation>
        <measure rdf:datatype="http://www.w3.org/2001/XMLSchema#float">1.0</measure>
      </Cell>
    </map>
    <map>
      <Cell>
        <entity1 rdf:resource="https://w3id.org/scholarlydata/person/khoi-nguyen-tran"/>
        <entity2 rdf:resource="https://w3id.org/scholarlydata/person/thanh-tran"/>
        <relation>!=</relation>
        <measure rdf:datatype="http://www.w3.org/2001/XMLSchema#float">1.0</measure>
      </Cell>
    </map>
    <map>
      <Cell>
        <entity1 rdf:resource="https://w3id.org/scholarlydata/person/gordon-sun"/>
        <entity2 rdf:resource="https://w3id.org/scholarlydata/person/tao-sun"/>
        <relation>!=</relation>
        <measure rdf:datatype="http://www.w3.org/2001/XMLSchema#float">1.0</measure>
      </Cell>
    </map>
    <map>
      <Cell>
        <entity1 rdf:resource="https://w3id.org/scholarlydata/person/xuxian-jiang"/>
        <entity2 rdf:resource="https://w3id.org/scholarlydata/person/jingtian-jiang"/>
        <relation>!=</relation>
        <measure rdf:datatype="http://www.w3.org/2001/XMLSchema#float">1.0</measure>
      </Cell>
    </map>
    <map>
      <Cell>
        <entity1 rdf:resource="https://w3id.org/scholarlydata/person/xu-ren"/>
        <entity2 rdf:resource="https://w3id.org/scholarlydata/person/yuan-ren"/>
        <relation>!=</relation>
        <measure rdf:datatype="http://www.w3.org/2001/XMLSchema#float">1.0</measure>
      </Cell>
    </map>
    <map>
      <Cell>
        <entity1 rdf:resource="https://w3id.org/scholarlydata/person/ke-tao"/>
        <entity2 rdf:resource="https://w3id.org/scholarlydata/person/jia-tao"/>
        <relation>!=</relation>
        <measure rdf:datatype="http://www.w3.org/2001/XMLSchema#float">1.0</measure>
      </Cell>
    </map>
    <map>
      <Cell>
        <entity1 rdf:resource="https://w3id.org/scholarlydata/person/stephen-clark"/>
        <entity2 rdf:resource="https://w3id.org/scholarlydata/person/kendall-clark"/>
        <relation>!=</relation>
        <measure rdf:datatype="http://www.w3.org/2001/XMLSchema#float">1.0</measure>
      </Cell>
    </map>
    <map>
      <Cell>
        <entity1 rdf:resource="https://w3id.org/scholarlydata/person/jose-manuel-gomez-perez"/>
        <entity2 rdf:resource="https://w3id.org/scholarlydata/person/asuncion-gomez-perez"/>
        <relation>!=</relation>
        <measure rdf:datatype="http://www.w3.org/2001/XMLSchema#float">1.0</measure>
      </Cell>
    </map>
    <map>
      <Cell>
        <entity1 rdf:resource="https://w3id.org/scholarlydata/person/alicia-diaz"/>
        <entity2 rdf:resource="https://w3id.org/scholarlydata/person/fernando-diaz"/>
        <relation>!=</relation>
        <measure rdf:datatype="http://www.w3.org/2001/XMLSchema#float">1.0</measure>
      </Cell>
    </map>
    <map>
      <Cell>
        <entity1 rdf:resource="https://w3id.org/scholarlydata/person/jing-jiang"/>
        <entity2 rdf:resource="https://w3id.org/scholarlydata/person/xueyan-jiang"/>
        <relation>!=</relation>
        <measure rdf:datatype="http://www.w3.org/2001/XMLSchema#float">1.0</measure>
      </Cell>
    </map>
    <map>
      <Cell>
        <entity1 rdf:resource="https://w3id.org/scholarlydata/person/suengwon-shin"/>
        <entity2 rdf:resource="https://w3id.org/scholarlydata/person/andy-shin"/>
        <relation>!=</relation>
        <measure rdf:datatype="http://www.w3.org/2001/XMLSchema#float">1.0</measure>
      </Cell>
    </map>
    <map>
      <Cell>
        <entity1 rdf:resource="https://w3id.org/scholarlydata/person/carlos-ruiz"/>
        <entity2 rdf:resource="https://w3id.org/scholarlydata/person/david-ruiz"/>
        <relation>!=</relation>
        <measure rdf:datatype="http://www.w3.org/2001/XMLSchema#float">1.0</measure>
      </Cell>
    </map>
    <map>
      <Cell>
        <entity1 rdf:resource="https://w3id.org/scholarlydata/person/romee-houben"/>
        <entity2 rdf:resource="https://w3id.org/scholarlydata/person/geert-jan-houben"/>
        <relation>!=</relation>
        <measure rdf:datatype="http://www.w3.org/2001/XMLSchema#float">1.0</measure>
      </Cell>
    </map>
    <map>
      <Cell>
        <entity1 rdf:resource="https://w3id.org/scholarlydata/person/kerry-taylor"/>
        <entity2 rdf:resource="https://w3id.org/scholarlydata/person/richard-taylor"/>
        <relation>!=</relation>
        <measure rdf:datatype="http://www.w3.org/2001/XMLSchema#float">1.0</measure>
      </Cell>
    </map>
    <map>
      <Cell>
        <entity1 rdf:resource="https://w3id.org/scholarlydata/person/calvin-fong"/>
        <entity2 rdf:resource="https://w3id.org/scholarlydata/person/brendan-fong"/>
        <relation>!=</relation>
        <measure rdf:datatype="http://www.w3.org/2001/XMLSchema#float">1.0</measure>
      </Cell>
    </map>
    <map>
      <Cell>
        <entity1 rdf:resource="https://w3id.org/scholarlydata/person/stephan-grimm"/>
        <entity2 rdf:resource="https://w3id.org/scholarlydata/person/paul-grimm"/>
        <relation>!=</relation>
        <measure rdf:datatype="http://www.w3.org/2001/XMLSchema#float">1.0</measure>
      </Cell>
    </map>
    <map>
      <Cell>
        <entity1 rdf:resource="https://w3id.org/scholarlydata/person/linyun-fu"/>
        <entity2 rdf:resource="https://w3id.org/scholarlydata/person/bo-fu"/>
        <relation>!=</relation>
        <measure rdf:datatype="http://www.w3.org/2001/XMLSchema#float">1.0</measure>
      </Cell>
    </map>
    <map>
      <Cell>
        <entity1 rdf:resource="https://w3id.org/scholarlydata/person/jian-tao-sun"/>
        <entity2 rdf:resource="https://w3id.org/scholarlydata/person/chengzheng-sun"/>
        <relation>!=</relation>
        <measure rdf:datatype="http://www.w3.org/2001/XMLSchema#float">1.0</measure>
      </Cell>
    </map>
    <map>
      <Cell>
        <entity1 rdf:resource="https://w3id.org/scholarlydata/person/debnath-mukherjee"/>
        <entity2 rdf:resource="https://w3id.org/scholarlydata/person/arjun-mukherjee"/>
        <relation>!=</relation>
        <measure rdf:datatype="http://www.w3.org/2001/XMLSchema#float">1.0</measure>
      </Cell>
    </map>
    <map>
      <Cell>
        <entity1 rdf:resource="https://w3id.org/scholarlydata/person/deepak-agarwal"/>
        <entity2 rdf:resource="https://w3id.org/scholarlydata/person/sudhir-agarwal"/>
        <relation>!=</relation>
        <measure rdf:datatype="http://www.w3.org/2001/XMLSchema#float">1.0</measure>
      </Cell>
    </map>
    <map>
      <Cell>
        <entity1 rdf:resource="https://w3id.org/scholarlydata/person/guozhu-dong"/>
        <entity2 rdf:resource="https://w3id.org/scholarlydata/person/anlei-dong"/>
        <relation>!=</relation>
        <measure rdf:datatype="http://www.w3.org/2001/XMLSchema#float">1.0</measure>
      </Cell>
    </map>
    <map>
      <Cell>
        <entity1 rdf:resource="https://w3id.org/scholarlydata/person/manuel-fernandez"/>
        <entity2 rdf:resource="https://w3id.org/scholarlydata/person/javierd-fernandez"/>
        <relation>!=</relation>
        <measure rdf:datatype="http://www.w3.org/2001/XMLSchema#float">1.0</measure>
      </Cell>
    </map>
    <map>
      <Cell>
        <entity1 rdf:resource="https://w3id.org/scholarlydata/person/wei-hu"/>
        <entity2 rdf:resource="https://w3id.org/scholarlydata/person/beibei-hu"/>
        <relation>!=</relation>
        <measure rdf:datatype="http://www.w3.org/2001/XMLSchema#float">1.0</measure>
      </Cell>
    </map>
    <map>
      <Cell>
        <entity1 rdf:resource="https://w3id.org/scholarlydata/person/bryan-thompson"/>
        <entity2 rdf:resource="https://w3id.org/scholarlydata/person/matt-thompson"/>
        <relation>!=</relation>
        <measure rdf:datatype="http://www.w3.org/2001/XMLSchema#float">1.0</measure>
      </Cell>
    </map>
    <map>
      <Cell>
        <entity1 rdf:resource="https://w3id.org/scholarlydata/person/xia-hu"/>
        <entity2 rdf:resource="https://w3id.org/scholarlydata/person/wei-hu"/>
        <relation>!=</relation>
        <measure rdf:datatype="http://www.w3.org/2001/XMLSchema#float">1.0</measure>
      </Cell>
    </map>
    <map>
      <Cell>
        <entity1 rdf:resource="https://w3id.org/scholarlydata/person/daxin-jiang"/>
        <entity2 rdf:resource="https://w3id.org/scholarlydata/person/jing-jiang"/>
        <relation>!=</relation>
        <measure rdf:datatype="http://www.w3.org/2001/XMLSchema#float">1.0</measure>
      </Cell>
    </map>
    <map>
      <Cell>
        <entity1 rdf:resource="https://w3id.org/scholarlydata/person/rui-cai"/>
        <entity2 rdf:resource="https://w3id.org/scholarlydata/person/deng-cai"/>
        <relation>!=</relation>
        <measure rdf:datatype="http://www.w3.org/2001/XMLSchema#float">1.0</measure>
      </Cell>
    </map>
  </Alignment>
</rdf:RDF>
