<Interlink id="link_per">
  <LinkType>&lt;http://www.w3.org/2002/07/owl#sameAs&gt;</LinkType>
  <SourceDataset dataSource="source_per" var="a">
    <RestrictTo> </RestrictTo>
  </SourceDataset>
  <TargetDataset dataSource="target_per" var="b">
    <RestrictTo> </RestrictTo>
  </TargetDataset>
  <LinkageRule>
    <Aggregate id="unnamed_715230" required="false" weight="16" type="max">
      <Compare id="unnamed_715221" required="false" weight="11" metric="levenshteinDistance" threshold="2.176870908762095" indexing="true">
        <Input id="unnamed_715219" path="?a"/>
        <Input id="unnamed_715220" path="?b"/>
      </Compare>
      <Compare id="unnamed_715224" required="false" weight="8" metric="levenshteinDistance" threshold="0.7947025289565315" indexing="true">
        <Input id="unnamed_715222" path="?a/&lt;http://scholarlydata.org/deduplication/per_name&gt;"/>
        <Input id="unnamed_715223" path="?b/&lt;http://scholarlydata.org/deduplication/per_name&gt;"/>
      </Compare>
      <Compare id="unnamed_715229" required="false" weight="9" metric="jaccard" threshold="0.6395403197347193" indexing="true">
        <TransformInput id="unnamed_715226" function="tokenize">
          <Input id="unnamed_715225" path="?a/&lt;http://scholarlydata.org/deduplication/per_name&gt;"/>
        </TransformInput>
        <TransformInput id="unnamed_715228" function="tokenize">
          <Input id="unnamed_715227" path="?b/&lt;http://scholarlydata.org/deduplication/per_name&gt;"/>
        </TransformInput>
      </Compare>
    </Aggregate>
  </LinkageRule>
  <Filter/>
  <Outputs> </Outputs>
</Interlink>
