<rdf:RDF xmlns:align="http://knowledgeweb.semanticweb.org/heterogeneity/alignment#" xmlns:xsd="http://www.w3.org/2001/XMLSchema#" xmlns:rdf="http://www.w3.org/1999/02/22-rdf-syntax-ns#" xmlns="http://knowledgeweb.semanticweb.org/heterogeneity/alignment#">
  <Alignment>
    <map>
      <Cell>
        <entity1 rdf:resource="https://w3id.org/scholarlydata/organisation/institute-aifb"/>
        <entity2 rdf:resource="https://w3id.org/scholarlydata/organisation/institut-aifb-universitaet-karlsruhe"/>
        <relation>=</relation>
        <measure rdf:datatype="http://www.w3.org/2001/XMLSchema#float">1.0</measure>
      </Cell>
    </map>
    <map>
      <Cell>
        <entity1 rdf:resource="https://w3id.org/scholarlydata/organisation/eurecom"/>
        <entity2 rdf:resource="https://w3id.org/scholarlydata/organisation/institute-eurecom"/>
        <relation>=</relation>
        <measure rdf:datatype="http://www.w3.org/2001/XMLSchema#float">1.0</measure>
      </Cell>
    </map>
    <map>
      <Cell>
        <entity1 rdf:resource="https://w3id.org/scholarlydata/organisation/irit-univ-toulouse-le-mirail"/>
        <entity2 rdf:resource="https://w3id.org/scholarlydata/organisation/irit-universite-toulouse-le-mirail"/>
        <relation>=</relation>
        <measure rdf:datatype="http://www.w3.org/2001/XMLSchema#float">1.0</measure>
      </Cell>
    </map>
    <map>
      <Cell>
        <entity1 rdf:resource="https://w3id.org/scholarlydata/organisation/deri-national-university-of-ireland-galway"/>
        <entity2 rdf:resource="https://w3id.org/scholarlydata/organisation/deri-nui-galway"/>
        <relation>=</relation>
        <measure rdf:datatype="http://www.w3.org/2001/XMLSchema#float">1.0</measure>
      </Cell>
    </map>
    <map>
      <Cell>
        <entity1 rdf:resource="https://w3id.org/scholarlydata/organisation/oxford-university"/>
        <entity2 rdf:resource="https://w3id.org/scholarlydata/organisation/university-of-oxford"/>
        <relation>=</relation>
        <measure rdf:datatype="http://www.w3.org/2001/XMLSchema#float">1.0</measure>
      </Cell>
    </map>
    <map>
      <Cell>
        <entity1 rdf:resource="https://w3id.org/scholarlydata/organisation/l3s"/>
        <entity2 rdf:resource="https://w3id.org/scholarlydata/organisation/l3s-research-center"/>
        <relation>=</relation>
        <measure rdf:datatype="http://www.w3.org/2001/XMLSchema#float">1.0</measure>
      </Cell>
    </map>
    <map>
      <Cell>
        <entity1 rdf:resource="https://w3id.org/scholarlydata/organisation/isoco-sa"/>
        <entity2 rdf:resource="https://w3id.org/scholarlydata/organisation/isoco-s-a"/>
        <relation>=</relation>
        <measure rdf:datatype="http://www.w3.org/2001/XMLSchema#float">1.0</measure>
      </Cell>
    </map>
    <map>
      <Cell>
        <entity1 rdf:resource="https://w3id.org/scholarlydata/organisation/ontology-engineering-group-universidad-politecnica-de-madrid"/>
        <entity2 rdf:resource="https://w3id.org/scholarlydata/organisation/ontology-engineering-group---universidad-politecnica-de-madrid"/>
        <relation>=</relation>
        <measure rdf:datatype="http://www.w3.org/2001/XMLSchema#float">1.0</measure>
      </Cell>
    </map>
    <map>
      <Cell>
        <entity1 rdf:resource="https://w3id.org/scholarlydata/organisation/centria-universidade-nova-de-lisboa"/>
        <entity2 rdf:resource="https://w3id.org/scholarlydata/organisation/nova-lincs-universidade-nova-de-lisboa"/>
        <relation>=</relation>
        <measure rdf:datatype="http://www.w3.org/2001/XMLSchema#float">1.0</measure>
      </Cell>
    </map>
    <map>
      <Cell>
        <entity1 rdf:resource="https://w3id.org/scholarlydata/organisation/university-of-wuerzburg"/>
        <entity2 rdf:resource="https://w3id.org/scholarlydata/organisation/universitaet-wuerzburg"/>
        <relation>=</relation>
        <measure rdf:datatype="http://www.w3.org/2001/XMLSchema#float">1.0</measure>
      </Cell>
    </map>
    <map>
      <Cell>
        <entity1 rdf:resource="https://w3id.org/scholarlydata/organisation/cnr-istc"/>
        <entity2 rdf:resource="https://w3id.org/scholarlydata/organisation/cnr-istc-italy"/>
        <relation>=</relation>
        <measure rdf:datatype="http://www.w3.org/2001/XMLSchema#float">1.0</measure>
      </Cell>
    </map>
    <map>
      <Cell>
        <entity1 rdf:resource="https://w3id.org/scholarlydata/organisation/vienna-university-of-economics-and-business-wu-wien"/>
        <entity2 rdf:resource="https://w3id.org/scholarlydata/organisation/vienna-university-of-economics-and-business---wu-wien"/>
        <relation>=</relation>
        <measure rdf:datatype="http://www.w3.org/2001/XMLSchema#float">1.0</measure>
      </Cell>
    </map>
    <map>
      <Cell>
        <entity1 rdf:resource="https://w3id.org/scholarlydata/organisation/tu-wien"/>
        <entity2 rdf:resource="https://w3id.org/scholarlydata/organisation/vienna-university-of-technology"/>
        <relation>=</relation>
        <measure rdf:datatype="http://www.w3.org/2001/XMLSchema#float">1.0</measure>
      </Cell>
    </map>
    <map>
      <Cell>
        <entity1 rdf:resource="https://w3id.org/scholarlydata/organisation/linkoeping-university"/>
        <entity2 rdf:resource="https://w3id.org/scholarlydata/organisation/linkoping-university"/>
        <relation>=</relation>
        <measure rdf:datatype="http://www.w3.org/2001/XMLSchema#float">1.0</measure>
      </Cell>
    </map>
    <map>
      <Cell>
        <entity1 rdf:resource="https://w3id.org/scholarlydata/organisation/ibm-china-research-laboratory"/>
        <entity2 rdf:resource="https://w3id.org/scholarlydata/organisation/ibm-china-research-lab"/>
        <relation>=</relation>
        <measure rdf:datatype="http://www.w3.org/2001/XMLSchema#float">1.0</measure>
      </Cell>
    </map>
    <map>
      <Cell>
        <entity1 rdf:resource="https://w3id.org/scholarlydata/organisation/bell-labs-alcatel-lucent"/>
        <entity2 rdf:resource="https://w3id.org/scholarlydata/organisation/bell-labs"/>
        <relation>=</relation>
        <measure rdf:datatype="http://www.w3.org/2001/XMLSchema#float">1.0</measure>
      </Cell>
    </map>
    <map>
      <Cell>
        <entity1 rdf:resource="https://w3id.org/scholarlydata/organisation/department-of-computer-science-tsinghua-university"/>
        <entity2 rdf:resource="https://w3id.org/scholarlydata/organisation/tsinghua-university"/>
        <relation>=</relation>
        <measure rdf:datatype="http://www.w3.org/2001/XMLSchema#float">1.0</measure>
      </Cell>
    </map>
    <map>
      <Cell>
        <entity1 rdf:resource="https://w3id.org/scholarlydata/organisation/university-of-freiburg"/>
        <entity2 rdf:resource="https://w3id.org/scholarlydata/organisation/freiburg-university"/>
        <relation>=</relation>
        <measure rdf:datatype="http://www.w3.org/2001/XMLSchema#float">1.0</measure>
      </Cell>
    </map>
    <map>
      <Cell>
        <entity1 rdf:resource="https://w3id.org/scholarlydata/organisation/kmi-the-open-university"/>
        <entity2 rdf:resource="https://w3id.org/scholarlydata/organisation/the-open-university---knowledge-media-institute"/>
        <relation>=</relation>
        <measure rdf:datatype="http://www.w3.org/2001/XMLSchema#float">1.0</measure>
      </Cell>
    </map>
    <map>
      <Cell>
        <entity1 rdf:resource="https://w3id.org/scholarlydata/organisation/vu-university-amsterdam"/>
        <entity2 rdf:resource="https://w3id.org/scholarlydata/organisation/vrije-universiteit-amsterdam-the-netherlands"/>
        <relation>=</relation>
        <measure rdf:datatype="http://www.w3.org/2001/XMLSchema#float">1.0</measure>
      </Cell>
    </map>
    <map>
      <Cell>
        <entity1 rdf:resource="https://w3id.org/scholarlydata/organisation/university-of-lyon"/>
        <entity2 rdf:resource="https://w3id.org/scholarlydata/organisation/universite-de-lyon"/>
        <relation>=</relation>
        <measure rdf:datatype="http://www.w3.org/2001/XMLSchema#float">1.0</measure>
      </Cell>
    </map>
    <map>
      <Cell>
        <entity1 rdf:resource="https://w3id.org/scholarlydata/organisation/university-of-the-basque-country"/>
        <entity2 rdf:resource="https://w3id.org/scholarlydata/organisation/basque-country-university"/>
        <relation>=</relation>
        <measure rdf:datatype="http://www.w3.org/2001/XMLSchema#float">1.0</measure>
      </Cell>
    </map>
    <map>
      <Cell>
        <entity1 rdf:resource="https://w3id.org/scholarlydata/organisation/europeana-vu-university-amsterdam"/>
        <entity2 rdf:resource="https://w3id.org/scholarlydata/organisation/europeana--vu-university-amsterdam"/>
        <relation>=</relation>
        <measure rdf:datatype="http://www.w3.org/2001/XMLSchema#float">1.0</measure>
      </Cell>
    </map>
    <map>
      <Cell>
        <entity1 rdf:resource="https://w3id.org/scholarlydata/organisation/vrije-universiteit"/>
        <entity2 rdf:resource="https://w3id.org/scholarlydata/organisation/vrije-universiteit-amsterdam-the-netherlands"/>
        <relation>=</relation>
        <measure rdf:datatype="http://www.w3.org/2001/XMLSchema#float">1.0</measure>
      </Cell>
    </map>
    <map>
      <Cell>
        <entity1 rdf:resource="https://w3id.org/scholarlydata/organisation/university-of-sheffield"/>
        <entity2 rdf:resource="https://w3id.org/scholarlydata/organisation/university-of-sheffield-uk"/>
        <relation>=</relation>
        <measure rdf:datatype="http://www.w3.org/2001/XMLSchema#float">1.0</measure>
      </Cell>
    </map>
    <map>
      <Cell>
        <entity1 rdf:resource="https://w3id.org/scholarlydata/organisation/ibm-t-j-watson-research"/>
        <entity2 rdf:resource="https://w3id.org/scholarlydata/organisation/ibm-tj-watson-research"/>
        <relation>=</relation>
        <measure rdf:datatype="http://www.w3.org/2001/XMLSchema#float">1.0</measure>
      </Cell>
    </map>
    <map>
      <Cell>
        <entity1 rdf:resource="https://w3id.org/scholarlydata/organisation/university-of-economics"/>
        <entity2 rdf:resource="https://w3id.org/scholarlydata/organisation/university-of-economics-prague"/>
        <relation>=</relation>
        <measure rdf:datatype="http://www.w3.org/2001/XMLSchema#float">1.0</measure>
      </Cell>
    </map>
    <map>
      <Cell>
        <entity1 rdf:resource="https://w3id.org/scholarlydata/organisation/university-of-jyvaeskylae"/>
        <entity2 rdf:resource="https://w3id.org/scholarlydata/organisation/university-of-jyvaskyla"/>
        <relation>=</relation>
        <measure rdf:datatype="http://www.w3.org/2001/XMLSchema#float">1.0</measure>
      </Cell>
    </map>
    <map>
      <Cell>
        <entity1 rdf:resource="https://w3id.org/scholarlydata/organisation/montpellier-2-university"/>
        <entity2 rdf:resource="https://w3id.org/scholarlydata/organisation/university-montpellier-2"/>
        <relation>=</relation>
        <measure rdf:datatype="http://www.w3.org/2001/XMLSchema#float">1.0</measure>
      </Cell>
    </map>
    <map>
      <Cell>
        <entity1 rdf:resource="https://w3id.org/scholarlydata/organisation/google"/>
        <entity2 rdf:resource="https://w3id.org/scholarlydata/organisation/google-inc"/>
        <relation>=</relation>
        <measure rdf:datatype="http://www.w3.org/2001/XMLSchema#float">1.0</measure>
      </Cell>
    </map>
    <map>
      <Cell>
        <entity1 rdf:resource="https://w3id.org/scholarlydata/organisation/intelligent-information-laboratory-northwestern-university"/>
        <entity2 rdf:resource="https://w3id.org/scholarlydata/organisation/northwestern-university"/>
        <relation>=</relation>
        <measure rdf:datatype="http://www.w3.org/2001/XMLSchema#float">1.0</measure>
      </Cell>
    </map>
    <map>
      <Cell>
        <entity1 rdf:resource="https://w3id.org/scholarlydata/organisation/oracle"/>
        <entity2 rdf:resource="https://w3id.org/scholarlydata/organisation/oracle-corporation"/>
        <relation>=</relation>
        <measure rdf:datatype="http://www.w3.org/2001/XMLSchema#float">1.0</measure>
      </Cell>
    </map>
    <map>
      <Cell>
        <entity1 rdf:resource="https://w3id.org/scholarlydata/organisation/universitat-bremen"/>
        <entity2 rdf:resource="https://w3id.org/scholarlydata/organisation/university-of-bremen"/>
        <relation>=</relation>
        <measure rdf:datatype="http://www.w3.org/2001/XMLSchema#float">1.0</measure>
      </Cell>
    </map>
    <map>
      <Cell>
        <entity1 rdf:resource="https://w3id.org/scholarlydata/organisation/bristol-university"/>
        <entity2 rdf:resource="https://w3id.org/scholarlydata/organisation/university-of-bristol"/>
        <relation>=</relation>
        <measure rdf:datatype="http://www.w3.org/2001/XMLSchema#float">1.0</measure>
      </Cell>
    </map>
    <map>
      <Cell>
        <entity1 rdf:resource="https://w3id.org/scholarlydata/organisation/university-pantheon-sorbonne-paris-i"/>
        <entity2 rdf:resource="https://w3id.org/scholarlydata/organisation/university-pantheon---sorbonne-paris-i"/>
        <relation>=</relation>
        <measure rdf:datatype="http://www.w3.org/2001/XMLSchema#float">1.0</measure>
      </Cell>
    </map>
    <map>
      <Cell>
        <entity1 rdf:resource="https://w3id.org/scholarlydata/organisation/fluid-operations-ag"/>
        <entity2 rdf:resource="https://w3id.org/scholarlydata/organisation/fluid-operations"/>
        <relation>=</relation>
        <measure rdf:datatype="http://www.w3.org/2001/XMLSchema#float">1.0</measure>
      </Cell>
    </map>
    <map>
      <Cell>
        <entity1 rdf:resource="https://w3id.org/scholarlydata/organisation/german-research-center-for-artificial-intelligence"/>
        <entity2 rdf:resource="https://w3id.org/scholarlydata/organisation/german-research-center-for-artificial-intelligence-dfki"/>
        <relation>=</relation>
        <measure rdf:datatype="http://www.w3.org/2001/XMLSchema#float">1.0</measure>
      </Cell>
    </map>
    <map>
      <Cell>
        <entity1 rdf:resource="https://w3id.org/scholarlydata/organisation/inria-university-of-grenoble"/>
        <entity2 rdf:resource="https://w3id.org/scholarlydata/organisation/universite-de-grenoble-1"/>
        <relation>=</relation>
        <measure rdf:datatype="http://www.w3.org/2001/XMLSchema#float">1.0</measure>
      </Cell>
    </map>
    <map>
      <Cell>
        <entity1 rdf:resource="https://w3id.org/scholarlydata/organisation/inria-sophia-antipolis-mediterranee"/>
        <entity2 rdf:resource="https://w3id.org/scholarlydata/organisation/inria-sophia-antipolis---mediterranee"/>
        <relation>=</relation>
        <measure rdf:datatype="http://www.w3.org/2001/XMLSchema#float">1.0</measure>
      </Cell>
    </map>
    <map>
      <Cell>
        <entity1 rdf:resource="https://w3id.org/scholarlydata/organisation/cambridge-semantics"/>
        <entity2 rdf:resource="https://w3id.org/scholarlydata/organisation/expert-system"/>
        <relation>!=</relation>
        <measure rdf:datatype="http://www.w3.org/2001/XMLSchema#float">1.0</measure>
      </Cell>
    </map>
    <map>
      <Cell>
        <entity1 rdf:resource="https://w3id.org/scholarlydata/organisation/ag-semantic-computing-citec-university-of-bielefeld"/>
        <entity2 rdf:resource="https://w3id.org/scholarlydata/organisation/politecnico-di-milano-dipartimento-di-elettronica-e-informazione"/>
        <relation>!=</relation>
        <measure rdf:datatype="http://www.w3.org/2001/XMLSchema#float">1.0</measure>
      </Cell>
    </map>
    <map>
      <Cell>
        <entity1 rdf:resource="https://w3id.org/scholarlydata/organisation/ecole-nationale-superieure-des-mines-fayol-ensmse-lsti"/>
        <entity2 rdf:resource="https://w3id.org/scholarlydata/organisation/arcelormittal-asturias"/>
        <relation>!=</relation>
        <measure rdf:datatype="http://www.w3.org/2001/XMLSchema#float">1.0</measure>
      </Cell>
    </map>
    <map>
      <Cell>
        <entity1 rdf:resource="https://w3id.org/scholarlydata/organisation/fondazione-bruno-kessler---fbk-irst"/>
        <entity2 rdf:resource="https://w3id.org/scholarlydata/organisation/digital-pebble-ltd"/>
        <relation>!=</relation>
        <measure rdf:datatype="http://www.w3.org/2001/XMLSchema#float">1.0</measure>
      </Cell>
    </map>
    <map>
      <Cell>
        <entity1 rdf:resource="https://w3id.org/scholarlydata/organisation/stlab-istc-cnr-linkoeping-university"/>
        <entity2 rdf:resource="https://w3id.org/scholarlydata/organisation/university-of-linkoping"/>
        <relation>!=</relation>
        <measure rdf:datatype="http://www.w3.org/2001/XMLSchema#float">1.0</measure>
      </Cell>
    </map>
    <map>
      <Cell>
        <entity1 rdf:resource="https://w3id.org/scholarlydata/organisation/university-paris-7"/>
        <entity2 rdf:resource="https://w3id.org/scholarlydata/organisation/information-sciences-institute-university-of-southern-california"/>
        <relation>!=</relation>
        <measure rdf:datatype="http://www.w3.org/2001/XMLSchema#float">1.0</measure>
      </Cell>
    </map>
    <map>
      <Cell>
        <entity1 rdf:resource="https://w3id.org/scholarlydata/organisation/knoesis-center-wright-state-university"/>
        <entity2 rdf:resource="https://w3id.org/scholarlydata/organisation/wright-state-university"/>
        <relation>!=</relation>
        <measure rdf:datatype="http://www.w3.org/2001/XMLSchema#float">1.0</measure>
      </Cell>
    </map>
    <map>
      <Cell>
        <entity1 rdf:resource="https://w3id.org/scholarlydata/organisation/nxp"/>
        <entity2 rdf:resource="https://w3id.org/scholarlydata/organisation/university-of-castilla-la-mancha"/>
        <relation>!=</relation>
        <measure rdf:datatype="http://www.w3.org/2001/XMLSchema#float">1.0</measure>
      </Cell>
    </map>
    <map>
      <Cell>
        <entity1 rdf:resource="https://w3id.org/scholarlydata/organisation/universite-paris-sorbonne"/>
        <entity2 rdf:resource="https://w3id.org/scholarlydata/organisation/universite-paris-sud-xi-orsay"/>
        <relation>!=</relation>
        <measure rdf:datatype="http://www.w3.org/2001/XMLSchema#float">1.0</measure>
      </Cell>
    </map>
    <map>
      <Cell>
        <entity1 rdf:resource="https://w3id.org/scholarlydata/organisation/shippensburg-university"/>
        <entity2 rdf:resource="https://w3id.org/scholarlydata/organisation/ibm"/>
        <relation>!=</relation>
        <measure rdf:datatype="http://www.w3.org/2001/XMLSchema#float">1.0</measure>
      </Cell>
    </map>
    <map>
      <Cell>
        <entity1 rdf:resource="https://w3id.org/scholarlydata/organisation/mit"/>
        <entity2 rdf:resource="https://w3id.org/scholarlydata/organisation/mit-csail"/>
        <relation>!=</relation>
        <measure rdf:datatype="http://www.w3.org/2001/XMLSchema#float">1.0</measure>
      </Cell>
    </map>
    <map>
      <Cell>
        <entity1 rdf:resource="https://w3id.org/scholarlydata/organisation/italy"/>
        <entity2 rdf:resource="https://w3id.org/scholarlydata/organisation/universita-degli-studi-roma-tre"/>
        <relation>!=</relation>
        <measure rdf:datatype="http://www.w3.org/2001/XMLSchema#float">1.0</measure>
      </Cell>
    </map>
    <map>
      <Cell>
        <entity1 rdf:resource="https://w3id.org/scholarlydata/organisation/dfki-gmbh-kaiserslautern-germany"/>
        <entity2 rdf:resource="https://w3id.org/scholarlydata/organisation/politenico-di-milano"/>
        <relation>!=</relation>
        <measure rdf:datatype="http://www.w3.org/2001/XMLSchema#float">1.0</measure>
      </Cell>
    </map>
    <map>
      <Cell>
        <entity1 rdf:resource="https://w3id.org/scholarlydata/organisation/professor-at-the-university-of-oslo"/>
        <entity2 rdf:resource="https://w3id.org/scholarlydata/organisation/graduate-school-of-information-science-japan-advanced-institute-of-science-and-technology"/>
        <relation>!=</relation>
        <measure rdf:datatype="http://www.w3.org/2001/XMLSchema#float">1.0</measure>
      </Cell>
    </map>
    <map>
      <Cell>
        <entity1 rdf:resource="https://w3id.org/scholarlydata/organisation/university-of-fribourg"/>
        <entity2 rdf:resource="https://w3id.org/scholarlydata/organisation/university-of-sheffield"/>
        <relation>!=</relation>
        <measure rdf:datatype="http://www.w3.org/2001/XMLSchema#float">1.0</measure>
      </Cell>
    </map>
    <map>
      <Cell>
        <entity1 rdf:resource="https://w3id.org/scholarlydata/organisation/national-university-of-ireland-galway"/>
        <entity2 rdf:resource="https://w3id.org/scholarlydata/organisation/stanford-university"/>
        <relation>!=</relation>
        <measure rdf:datatype="http://www.w3.org/2001/XMLSchema#float">1.0</measure>
      </Cell>
    </map>
    <map>
      <Cell>
        <entity1 rdf:resource="https://w3id.org/scholarlydata/organisation/technical-university-of-hamburg"/>
        <entity2 rdf:resource="https://w3id.org/scholarlydata/organisation/tuhh"/>
        <relation>!=</relation>
        <measure rdf:datatype="http://www.w3.org/2001/XMLSchema#float">1.0</measure>
      </Cell>
    </map>
    <map>
      <Cell>
        <entity1 rdf:resource="https://w3id.org/scholarlydata/organisation/department-of-computer-science-karachi-university"/>
        <entity2 rdf:resource="https://w3id.org/scholarlydata/organisation/universidad-de-granada"/>
        <relation>!=</relation>
        <measure rdf:datatype="http://www.w3.org/2001/XMLSchema#float">1.0</measure>
      </Cell>
    </map>
    <map>
      <Cell>
        <entity1 rdf:resource="https://w3id.org/scholarlydata/organisation/university-of-goettingen"/>
        <entity2 rdf:resource="https://w3id.org/scholarlydata/organisation/umr-cnrs-5516-universite-jean-monnet"/>
        <relation>!=</relation>
        <measure rdf:datatype="http://www.w3.org/2001/XMLSchema#float">1.0</measure>
      </Cell>
    </map>
    <map>
      <Cell>
        <entity1 rdf:resource="https://w3id.org/scholarlydata/organisation/university-of-illinois-at-chicago"/>
        <entity2 rdf:resource="https://w3id.org/scholarlydata/organisation/ontology-engineering-group-universidad-politecnica"/>
        <relation>!=</relation>
        <measure rdf:datatype="http://www.w3.org/2001/XMLSchema#float">1.0</measure>
      </Cell>
    </map>
    <map>
      <Cell>
        <entity1 rdf:resource="https://w3id.org/scholarlydata/organisation/swirrl-it-limited"/>
        <entity2 rdf:resource="https://w3id.org/scholarlydata/organisation/university-of-bucharest"/>
        <relation>!=</relation>
        <measure rdf:datatype="http://www.w3.org/2001/XMLSchema#float">1.0</measure>
      </Cell>
    </map>
    <map>
      <Cell>
        <entity1 rdf:resource="https://w3id.org/scholarlydata/organisation/informazione-disi---university-of-trento"/>
        <entity2 rdf:resource="https://w3id.org/scholarlydata/organisation/university-of-trento-italy"/>
        <relation>!=</relation>
        <measure rdf:datatype="http://www.w3.org/2001/XMLSchema#float">1.0</measure>
      </Cell>
    </map>
    <map>
      <Cell>
        <entity1 rdf:resource="https://w3id.org/scholarlydata/organisation/innova"/>
        <entity2 rdf:resource="https://w3id.org/scholarlydata/organisation/seevl"/>
        <relation>!=</relation>
        <measure rdf:datatype="http://www.w3.org/2001/XMLSchema#float">1.0</measure>
      </Cell>
    </map>
    <map>
      <Cell>
        <entity1 rdf:resource="https://w3id.org/scholarlydata/organisation/inria"/>
        <entity2 rdf:resource="https://w3id.org/scholarlydata/organisation/lig"/>
        <relation>!=</relation>
        <measure rdf:datatype="http://www.w3.org/2001/XMLSchema#float">1.0</measure>
      </Cell>
    </map>
    <map>
      <Cell>
        <entity1 rdf:resource="https://w3id.org/scholarlydata/organisation/university-of-amsterdam-vu-university-amsterdam"/>
        <entity2 rdf:resource="https://w3id.org/scholarlydata/organisation/galaxy-express"/>
        <relation>!=</relation>
        <measure rdf:datatype="http://www.w3.org/2001/XMLSchema#float">1.0</measure>
      </Cell>
    </map>
    <map>
      <Cell>
        <entity1 rdf:resource="https://w3id.org/scholarlydata/organisation/deutsche-telekom-labs-berlin-university-of-technol"/>
        <entity2 rdf:resource="https://w3id.org/scholarlydata/organisation/university-of-targu-mures"/>
        <relation>!=</relation>
        <measure rdf:datatype="http://www.w3.org/2001/XMLSchema#float">1.0</measure>
      </Cell>
    </map>
    <map>
      <Cell>
        <entity1 rdf:resource="https://w3id.org/scholarlydata/organisation/university-of-karlsruhe-southeast-university"/>
        <entity2 rdf:resource="https://w3id.org/scholarlydata/organisation/alcatel-lucent-bell-labs-france"/>
        <relation>!=</relation>
        <measure rdf:datatype="http://www.w3.org/2001/XMLSchema#float">1.0</measure>
      </Cell>
    </map>
    <map>
      <Cell>
        <entity1 rdf:resource="https://w3id.org/scholarlydata/organisation/university-of-muenster"/>
        <entity2 rdf:resource="https://w3id.org/scholarlydata/organisation/university-of-osnabrueck"/>
        <relation>!=</relation>
        <measure rdf:datatype="http://www.w3.org/2001/XMLSchema#float">1.0</measure>
      </Cell>
    </map>
    <map>
      <Cell>
        <entity1 rdf:resource="https://w3id.org/scholarlydata/organisation/university-of-calabria"/>
        <entity2 rdf:resource="https://w3id.org/scholarlydata/organisation/deis-university-of-calabria"/>
        <relation>!=</relation>
        <measure rdf:datatype="http://www.w3.org/2001/XMLSchema#float">1.0</measure>
      </Cell>
    </map>
    <map>
      <Cell>
        <entity1 rdf:resource="https://w3id.org/scholarlydata/organisation/digital-pebble-ltd"/>
        <entity2 rdf:resource="https://w3id.org/scholarlydata/organisation/sandia-national-laboratories"/>
        <relation>!=</relation>
        <measure rdf:datatype="http://www.w3.org/2001/XMLSchema#float">1.0</measure>
      </Cell>
    </map>
    <map>
      <Cell>
        <entity1 rdf:resource="https://w3id.org/scholarlydata/organisation/dsic-upv"/>
        <entity2 rdf:resource="https://w3id.org/scholarlydata/organisation/ibm-research-usa"/>
        <relation>!=</relation>
        <measure rdf:datatype="http://www.w3.org/2001/XMLSchema#float">1.0</measure>
      </Cell>
    </map>
    <map>
      <Cell>
        <entity1 rdf:resource="https://w3id.org/scholarlydata/organisation/hewlett-packard"/>
        <entity2 rdf:resource="https://w3id.org/scholarlydata/organisation/unitn"/>
        <relation>!=</relation>
        <measure rdf:datatype="http://www.w3.org/2001/XMLSchema#float">1.0</measure>
      </Cell>
    </map>
    <map>
      <Cell>
        <entity1 rdf:resource="https://w3id.org/scholarlydata/organisation/free-university-amsterdam"/>
        <entity2 rdf:resource="https://w3id.org/scholarlydata/organisation/indian-institute-of-technology-kharagpur"/>
        <relation>!=</relation>
        <measure rdf:datatype="http://www.w3.org/2001/XMLSchema#float">1.0</measure>
      </Cell>
    </map>
    <map>
      <Cell>
        <entity1 rdf:resource="https://w3id.org/scholarlydata/organisation/ibm-research-almaden"/>
        <entity2 rdf:resource="https://w3id.org/scholarlydata/organisation/stony-brook-university"/>
        <relation>!=</relation>
        <measure rdf:datatype="http://www.w3.org/2001/XMLSchema#float">1.0</measure>
      </Cell>
    </map>
    <map>
      <Cell>
        <entity1 rdf:resource="https://w3id.org/scholarlydata/organisation/rulecore"/>
        <entity2 rdf:resource="https://w3id.org/scholarlydata/organisation/beijing-university"/>
        <relation>!=</relation>
        <measure rdf:datatype="http://www.w3.org/2001/XMLSchema#float">1.0</measure>
      </Cell>
    </map>
    <map>
      <Cell>
        <entity1 rdf:resource="https://w3id.org/scholarlydata/organisation/ludwig-maximilian-university-of-munich"/>
        <entity2 rdf:resource="https://w3id.org/scholarlydata/organisation/massachusetts-institute-of-technology"/>
        <relation>!=</relation>
        <measure rdf:datatype="http://www.w3.org/2001/XMLSchema#float">1.0</measure>
      </Cell>
    </map>
    <map>
      <Cell>
        <entity1 rdf:resource="https://w3id.org/scholarlydata/organisation/university-of-cagliari"/>
        <entity2 rdf:resource="https://w3id.org/scholarlydata/organisation/johannes-kepler-university-linz-austria"/>
        <relation>!=</relation>
        <measure rdf:datatype="http://www.w3.org/2001/XMLSchema#float">1.0</measure>
      </Cell>
    </map>
    <map>
      <Cell>
        <entity1 rdf:resource="https://w3id.org/scholarlydata/organisation/hitachi"/>
        <entity2 rdf:resource="https://w3id.org/scholarlydata/organisation/ritsumeikan-university"/>
        <relation>!=</relation>
        <measure rdf:datatype="http://www.w3.org/2001/XMLSchema#float">1.0</measure>
      </Cell>
    </map>
    <map>
      <Cell>
        <entity1 rdf:resource="https://w3id.org/scholarlydata/organisation/taxonomy-strategies"/>
        <entity2 rdf:resource="https://w3id.org/scholarlydata/organisation/j-stefan-institute-ljubljana"/>
        <relation>!=</relation>
        <measure rdf:datatype="http://www.w3.org/2001/XMLSchema#float">1.0</measure>
      </Cell>
    </map>
    <map>
      <Cell>
        <entity1 rdf:resource="https://w3id.org/scholarlydata/organisation/florida-institute-for-human-and-machine-cognition"/>
        <entity2 rdf:resource="https://w3id.org/scholarlydata/organisation/buaa"/>
        <relation>!=</relation>
        <measure rdf:datatype="http://www.w3.org/2001/XMLSchema#float">1.0</measure>
      </Cell>
    </map>
    <map>
      <Cell>
        <entity1 rdf:resource="https://w3id.org/scholarlydata/organisation/university-of-bologna-at-forli"/>
        <entity2 rdf:resource="https://w3id.org/scholarlydata/organisation/easterngraphics-gmbh"/>
        <relation>!=</relation>
        <measure rdf:datatype="http://www.w3.org/2001/XMLSchema#float">1.0</measure>
      </Cell>
    </map>
    <map>
      <Cell>
        <entity1 rdf:resource="https://w3id.org/scholarlydata/organisation/university-of-rennes"/>
        <entity2 rdf:resource="https://w3id.org/scholarlydata/organisation/the-institute-of-scientific-and-industrial-research-isir-osaka-university"/>
        <relation>!=</relation>
        <measure rdf:datatype="http://www.w3.org/2001/XMLSchema#float">1.0</measure>
      </Cell>
    </map>
    <map>
      <Cell>
        <entity1 rdf:resource="https://w3id.org/scholarlydata/organisation/software-engineering-institute-east-china-normal-university"/>
        <entity2 rdf:resource="https://w3id.org/scholarlydata/organisation/samsung-sisa"/>
        <relation>!=</relation>
        <measure rdf:datatype="http://www.w3.org/2001/XMLSchema#float">1.0</measure>
      </Cell>
    </map>
    <map>
      <Cell>
        <entity1 rdf:resource="https://w3id.org/scholarlydata/organisation/dept-of-eecs-and-school-of-information-university-of-michigan"/>
        <entity2 rdf:resource="https://w3id.org/scholarlydata/organisation/deri-nui-galway"/>
        <relation>!=</relation>
        <measure rdf:datatype="http://www.w3.org/2001/XMLSchema#float">1.0</measure>
      </Cell>
    </map>
    <map>
      <Cell>
        <entity1 rdf:resource="https://w3id.org/scholarlydata/organisation/deri-universitaet-innsbruck"/>
        <entity2 rdf:resource="https://w3id.org/scholarlydata/organisation/sap-ag"/>
        <relation>!=</relation>
        <measure rdf:datatype="http://www.w3.org/2001/XMLSchema#float">1.0</measure>
      </Cell>
    </map>
    <map>
      <Cell>
        <entity1 rdf:resource="https://w3id.org/scholarlydata/organisation/pompeu-fabra-university"/>
        <entity2 rdf:resource="https://w3id.org/scholarlydata/organisation/university-of-lleida"/>
        <relation>!=</relation>
        <measure rdf:datatype="http://www.w3.org/2001/XMLSchema#float">1.0</measure>
      </Cell>
    </map>
    <map>
      <Cell>
        <entity1 rdf:resource="https://w3id.org/scholarlydata/organisation/lancaster-university"/>
        <entity2 rdf:resource="https://w3id.org/scholarlydata/organisation/the-open-university"/>
        <relation>!=</relation>
        <measure rdf:datatype="http://www.w3.org/2001/XMLSchema#float">1.0</measure>
      </Cell>
    </map>
    <map>
      <Cell>
        <entity1 rdf:resource="https://w3id.org/scholarlydata/organisation/jozef-stefan-institute"/>
        <entity2 rdf:resource="https://w3id.org/scholarlydata/organisation/montpellier-2-university"/>
        <relation>!=</relation>
        <measure rdf:datatype="http://www.w3.org/2001/XMLSchema#float">1.0</measure>
      </Cell>
    </map>
    <map>
      <Cell>
        <entity1 rdf:resource="https://w3id.org/scholarlydata/organisation/university-of-west-bohemia"/>
        <entity2 rdf:resource="https://w3id.org/scholarlydata/organisation/vienna-university-of-economics-and-business-wu-wien"/>
        <relation>!=</relation>
        <measure rdf:datatype="http://www.w3.org/2001/XMLSchema#float">1.0</measure>
      </Cell>
    </map>
    <map>
      <Cell>
        <entity1 rdf:resource="https://w3id.org/scholarlydata/organisation/laas-cnrs"/>
        <entity2 rdf:resource="https://w3id.org/scholarlydata/organisation/philips-research"/>
        <relation>!=</relation>
        <measure rdf:datatype="http://www.w3.org/2001/XMLSchema#float">1.0</measure>
      </Cell>
    </map>
    <map>
      <Cell>
        <entity1 rdf:resource="https://w3id.org/scholarlydata/organisation/laboratoire-prism-universite-de-versailles"/>
        <entity2 rdf:resource="https://w3id.org/scholarlydata/organisation/british-columbia-cancer-research-centre"/>
        <relation>!=</relation>
        <measure rdf:datatype="http://www.w3.org/2001/XMLSchema#float">1.0</measure>
      </Cell>
    </map>
    <map>
      <Cell>
        <entity1 rdf:resource="https://w3id.org/scholarlydata/organisation/fraunhofer-fokus"/>
        <entity2 rdf:resource="https://w3id.org/scholarlydata/organisation/y-labs"/>
        <relation>!=</relation>
        <measure rdf:datatype="http://www.w3.org/2001/XMLSchema#float">1.0</measure>
      </Cell>
    </map>
    <map>
      <Cell>
        <entity1 rdf:resource="https://w3id.org/scholarlydata/organisation/ibm-china-research-laboratory"/>
        <entity2 rdf:resource="https://w3id.org/scholarlydata/organisation/shanghai-jiaotong-university-ibm-research-china"/>
        <relation>!=</relation>
        <measure rdf:datatype="http://www.w3.org/2001/XMLSchema#float">1.0</measure>
      </Cell>
    </map>
    <map>
      <Cell>
        <entity1 rdf:resource="https://w3id.org/scholarlydata/organisation/huawei-technologies-co-ltd"/>
        <entity2 rdf:resource="https://w3id.org/scholarlydata/organisation/vrije-universiteit-amsterdam-fac-sciences-dept-computer-science"/>
        <relation>!=</relation>
        <measure rdf:datatype="http://www.w3.org/2001/XMLSchema#float">1.0</measure>
      </Cell>
    </map>
    <map>
      <Cell>
        <entity1 rdf:resource="https://w3id.org/scholarlydata/organisation/deri-nui-galway"/>
        <entity2 rdf:resource="https://w3id.org/scholarlydata/organisation/medical-university-of-vienna-austria"/>
        <relation>!=</relation>
        <measure rdf:datatype="http://www.w3.org/2001/XMLSchema#float">1.0</measure>
      </Cell>
    </map>
    <map>
      <Cell>
        <entity1 rdf:resource="https://w3id.org/scholarlydata/organisation/sti-innsbruck-university-of-innsbruck"/>
        <entity2 rdf:resource="https://w3id.org/scholarlydata/organisation/deri-universitaet-innsbruck"/>
        <relation>!=</relation>
        <measure rdf:datatype="http://www.w3.org/2001/XMLSchema#float">1.0</measure>
      </Cell>
    </map>
    <map>
      <Cell>
        <entity1 rdf:resource="https://w3id.org/scholarlydata/organisation/france"/>
        <entity2 rdf:resource="https://w3id.org/scholarlydata/organisation/liris-universite-de-lyon"/>
        <relation>!=</relation>
        <measure rdf:datatype="http://www.w3.org/2001/XMLSchema#float">1.0</measure>
      </Cell>
    </map>
    <map>
      <Cell>
        <entity1 rdf:resource="https://w3id.org/scholarlydata/organisation/cnr"/>
        <entity2 rdf:resource="https://w3id.org/scholarlydata/organisation/cnr-istc-italy"/>
        <relation>!=</relation>
        <measure rdf:datatype="http://www.w3.org/2001/XMLSchema#float">1.0</measure>
      </Cell>
    </map>
    <map>
      <Cell>
        <entity1 rdf:resource="https://w3id.org/scholarlydata/organisation/simon-fraser-university"/>
        <entity2 rdf:resource="https://w3id.org/scholarlydata/organisation/school-of-media-science-tokyo-university-of-techno"/>
        <relation>!=</relation>
        <measure rdf:datatype="http://www.w3.org/2001/XMLSchema#float">1.0</measure>
      </Cell>
    </map>
    <map>
      <Cell>
        <entity1 rdf:resource="https://w3id.org/scholarlydata/organisation/institute-for-infocomm-research"/>
        <entity2 rdf:resource="https://w3id.org/scholarlydata/organisation/monash-university"/>
        <relation>!=</relation>
        <measure rdf:datatype="http://www.w3.org/2001/XMLSchema#float">1.0</measure>
      </Cell>
    </map>
    <map>
      <Cell>
        <entity1 rdf:resource="https://w3id.org/scholarlydata/organisation/ips-institute-of-phonetics-and-speech-processing"/>
        <entity2 rdf:resource="https://w3id.org/scholarlydata/organisation/university-of-hasselt"/>
        <relation>!=</relation>
        <measure rdf:datatype="http://www.w3.org/2001/XMLSchema#float">1.0</measure>
      </Cell>
    </map>
    <map>
      <Cell>
        <entity1 rdf:resource="https://w3id.org/scholarlydata/organisation/university-of-nantes---lina"/>
        <entity2 rdf:resource="https://w3id.org/scholarlydata/organisation/university-of-nantes"/>
        <relation>!=</relation>
        <measure rdf:datatype="http://www.w3.org/2001/XMLSchema#float">1.0</measure>
      </Cell>
    </map>
    <map>
      <Cell>
        <entity1 rdf:resource="https://w3id.org/scholarlydata/organisation/raytheon-company"/>
        <entity2 rdf:resource="https://w3id.org/scholarlydata/organisation/charles-iii-university-of-madrid"/>
        <relation>!=</relation>
        <measure rdf:datatype="http://www.w3.org/2001/XMLSchema#float">1.0</measure>
      </Cell>
    </map>
    <map>
      <Cell>
        <entity1 rdf:resource="https://w3id.org/scholarlydata/organisation/university-of-roma-tor-vergata"/>
        <entity2 rdf:resource="https://w3id.org/scholarlydata/organisation/fraunhofer-institute-of-applied-information-technology"/>
        <relation>!=</relation>
        <measure rdf:datatype="http://www.w3.org/2001/XMLSchema#float">1.0</measure>
      </Cell>
    </map>
    <map>
      <Cell>
        <entity1 rdf:resource="https://w3id.org/scholarlydata/organisation/nord-software-consulting"/>
        <entity2 rdf:resource="https://w3id.org/scholarlydata/organisation/l2f-inesc-id-clul-lisboa"/>
        <relation>!=</relation>
        <measure rdf:datatype="http://www.w3.org/2001/XMLSchema#float">1.0</measure>
      </Cell>
    </map>
    <map>
      <Cell>
        <entity1 rdf:resource="https://w3id.org/scholarlydata/organisation/peking-university"/>
        <entity2 rdf:resource="https://w3id.org/scholarlydata/organisation/yahoo-inc"/>
        <relation>!=</relation>
        <measure rdf:datatype="http://www.w3.org/2001/XMLSchema#float">1.0</measure>
      </Cell>
    </map>
  </Alignment>
</rdf:RDF>
