<Interlink id="linking_org">
  <LinkType>&lt;http://www.w3.org/2002/07/owl#sameAs&gt;</LinkType>
  <SourceDataset dataSource="source_org" var="a">
    <RestrictTo> </RestrictTo>
  </SourceDataset>
  <TargetDataset dataSource="target_org" var="b">
    <RestrictTo> </RestrictTo>
  </TargetDataset>
  <LinkageRule>
    <Aggregate id="unnamed_960088" required="false" weight="8" type="max">
      <Aggregate id="unnamed_960083" required="false" weight="8" type="max">
        <Compare id="unnamed_960077" required="false" weight="20" metric="levenshteinDistance" threshold="1.3303064405609875" indexing="true">
          <Input id="unnamed_960075" path="?a/&lt;http://scholarlydata.org/deduplication/org_name&gt;"/>
          <Input id="unnamed_960076" path="?b/&lt;http://scholarlydata.org/deduplication/org_name&gt;"/>
        </Compare>
        <Compare id="unnamed_960082" required="false" weight="19" metric="jaccard" threshold="0.7654934870671962" indexing="true">
          <TransformInput id="unnamed_960079" function="tokenize">
            <Input id="unnamed_960078" path="?a/&lt;http://scholarlydata.org/deduplication/org_name&gt;"/>
          </TransformInput>
          <TransformInput id="unnamed_960081" function="tokenize">
            <Input id="unnamed_960080" path="?b/&lt;http://scholarlydata.org/deduplication/org_name&gt;"/>
          </TransformInput>
        </Compare>
      </Aggregate>
      <Compare id="unnamed_960087" required="false" weight="18" metric="jaccard" threshold="0.8452445618342437" indexing="true">
        <Input id="unnamed_960084" path="?a/&lt;http://scholarlydata.org/deduplication/org_name&gt;"/>
        <TransformInput id="unnamed_960086" function="tokenize">
          <Input id="unnamed_960085" path="?b/&lt;http://scholarlydata.org/deduplication/org_name&gt;"/>
        </TransformInput>
      </Compare>
    </Aggregate>
  </LinkageRule>
  <Filter/>
  <Outputs> </Outputs>
</Interlink>
